{
  "custom": {},
  "params": {},
  "props": {
    "defaultSize": {
      "height": 79,
      "width": 813
    }
  },
  "root": {
    "children": [
      {
        "meta": {
          "name": "Label"
        },
        "position": {
          "basis": "572px"
        },
        "props": {
          "text": "Cookie Factory Interface",
          "textStyle": {
            "fontSize": 30,
            "fontStyle": "normal",
            "fontVariant": "small-caps"
          }
        },
        "type": "ia.display.label"
      },
      {
        "meta": {
          "name": "Dropdown"
        },
        "position": {
          "basis": "NaNpx"
        },
        "propConfig": {
          "props.value": {
            "binding": {
              "config": {
                "bidirectional": true,
                "path": "session.custom.selectedView"
              },
              "type": "property"
            }
          }
        },
        "props": {
          "options": [
            {
              "label": "Resource Allocation",
              "value": "ResourceAllocation"
            },
            {
              "label": "Production Area",
              "value": "ProductionArea"
            }
          ]
        },
        "type": "ia.input.dropdown"
      }
    ],
    "meta": {
      "name": "root"
    },
    "props": {
      "alignItems": "center",
      "justify": "space-between",
      "style": {
        "backgroundColor": "#756E6E87",
        "borderStyle": "double"
      }
    },
    "type": "ia.container.flex"
  }
}