{
  "custom": {},
  "params": {},
  "props": {
    "defaultSize": {
      "height": 79,
      "width": 813
    }
  },
  "root": {
    "children": [
      {
        "meta": {
          "name": "Label"
        },
        "position": {
          "basis": "427px"
        },
        "props": {
          "text": "Cookie Factory Interface",
          "textStyle": {
            "fontSize": 30,
            "fontStyle": "normal",
            "fontVariant": "small-caps"
          }
        },
        "type": "ia.display.label"
      },
      {
        "meta": {
          "name": "Dropdown"
        },
        "position": {
          "basis": "NaNpx"
        },
        "propConfig": {
          "props.value": {
            "binding": {
              "config": {
                "bidirectional": true,
                "path": "session.custom.selectedView"
              },
              "type": "property"
            }
          }
        },
        "props": {
          "options": [
            {
              "label": "Resource Allocation",
              "value": "ResourceAllocation"
            },
            {
              "label": "Production Area",
              "value": "ProductionArea"
            }
          ]
        },
        "type": "ia.input.dropdown"
      },
      {
        "events": {
          "dom": {
            "onClick": {
              "config": {
                "script": "\tsystem.tag.writeAsync(\n\t\t[\"[edge]reset\"],\n\t\tnot system.tag.readBlocking([\"[edge]reset\"])[0].value\n\t)"
              },
              "scope": "G",
              "type": "script"
            }
          }
        },
        "meta": {
          "name": "Button"
        },
        "position": {
          "basis": "88px"
        },
        "props": {
          "image": {
            "icon": {
              "color": "#000000"
            },
            "style": {
              "backgroundColor": "#DD5A5A"
            }
          },
          "style": {
            "backgroundColor": "#FF3131",
            "borderColor": "#F4F4F4",
            "color": "#F4F4F4"
          },
          "text": "Reset Simulation"
        },
        "type": "ia.input.button"
      }
    ],
    "meta": {
      "name": "root"
    },
    "props": {
      "alignItems": "center",
      "justify": "center",
      "style": {
        "backgroundColor": "#756E6E87",
        "borderStyle": "double",
        "gap": "50px"
      }
    },
    "type": "ia.container.flex"
  }
}