{
  "custom": {},
  "params": {},
  "props": {
    "defaultSize": {
      "width": 1357
    }
  },
  "root": {
    "children": [
      {
        "meta": {
          "name": "conveyor_0"
        },
        "position": {
          "height": 68,
          "width": 859,
          "x": 767.9175,
          "y": 582.66875
        },
        "props": {
          "elements": [
            {
              "id": "defs1",
              "name": "defs1",
              "type": "defs"
            },
            {
              "elements": [
                {
                  "fill": {
                    "opacity": "1",
                    "paint": "#585858"
                  },
                  "height": "57.698071",
                  "id": "rect3",
                  "name": "rect3",
                  "stroke": {
                    "dasharray": "none",
                    "paint": "#bdbdbd",
                    "width": "4"
                  },
                  "type": "rect",
                  "width": 480,
                  "x": "16.492382",
                  "y": "116.80535"
                }
              ],
              "id": "layer1",
              "name": "layer1",
              "transform": "translate(-14.492382,-114.80535)",
              "type": "group"
            }
          ],
          "viewBox": "0 0 969.76727 61.69807"
        },
        "type": "ia.shapes.svg"
      },
      {
        "children": [
          {
            "children": [
              {
                "meta": {
                  "name": "Label"
                },
                "position": {
                  "basis": "50px"
                },
                "props": {
                  "style": {
                    "classes": "arrow"
                  }
                },
                "type": "ia.display.label"
              },
              {
                "meta": {
                  "name": "Label_0"
                },
                "position": {
                  "basis": "50px"
                },
                "props": {
                  "style": {
                    "classes": "arrow"
                  }
                },
                "type": "ia.display.label"
              },
              {
                "meta": {
                  "name": "Label_1"
                },
                "position": {
                  "basis": "50px"
                },
                "props": {
                  "style": {
                    "classes": "arrow"
                  }
                },
                "type": "ia.display.label"
              },
              {
                "meta": {
                  "name": "Label_2"
                },
                "position": {
                  "basis": "50px"
                },
                "props": {
                  "style": {
                    "classes": "arrow"
                  }
                },
                "type": "ia.display.label"
              },
              {
                "meta": {
                  "name": "Label_3"
                },
                "position": {
                  "basis": "50px"
                },
                "props": {
                  "style": {
                    "classes": "arrow"
                  }
                },
                "type": "ia.display.label"
              },
              {
                "meta": {
                  "name": "Label_4"
                },
                "position": {
                  "basis": "50px"
                },
                "props": {
                  "style": {
                    "classes": "arrow"
                  }
                },
                "type": "ia.display.label"
              },
              {
                "meta": {
                  "name": "Label_5"
                },
                "position": {
                  "basis": "50px"
                },
                "props": {
                  "style": {
                    "classes": "arrow"
                  }
                },
                "type": "ia.display.label"
              },
              {
                "meta": {
                  "name": "Label_6"
                },
                "position": {
                  "basis": "50px"
                },
                "props": {
                  "style": {
                    "classes": "arrow"
                  }
                },
                "type": "ia.display.label"
              },
              {
                "meta": {
                  "name": "Label_7"
                },
                "position": {
                  "basis": "50px"
                },
                "props": {
                  "style": {
                    "classes": "arrow"
                  }
                },
                "type": "ia.display.label"
              },
              {
                "meta": {
                  "name": "Label_8"
                },
                "position": {
                  "basis": "50px"
                },
                "props": {
                  "style": {
                    "classes": "arrow"
                  }
                },
                "type": "ia.display.label"
              },
              {
                "meta": {
                  "name": "Label_9"
                },
                "position": {
                  "basis": "50px"
                },
                "props": {
                  "style": {
                    "classes": "arrow"
                  }
                },
                "type": "ia.display.label"
              },
              {
                "meta": {
                  "name": "Label_10"
                },
                "position": {
                  "basis": "50px"
                },
                "props": {
                  "style": {
                    "classes": "arrow"
                  }
                },
                "type": "ia.display.label"
              },
              {
                "meta": {
                  "name": "Label_11"
                },
                "position": {
                  "basis": "50px"
                },
                "props": {
                  "style": {
                    "classes": "arrow"
                  }
                },
                "type": "ia.display.label"
              },
              {
                "meta": {
                  "name": "Label_12"
                },
                "position": {
                  "basis": "50px"
                },
                "props": {
                  "style": {
                    "classes": "arrow"
                  }
                },
                "type": "ia.display.label"
              },
              {
                "meta": {
                  "name": "Label_13"
                },
                "position": {
                  "basis": "50px"
                },
                "props": {
                  "style": {
                    "classes": "arrow"
                  }
                },
                "type": "ia.display.label"
              }
            ],
            "meta": {
              "name": "FlexContainer"
            },
            "propConfig": {
              "props.style.animationDuration": {
                "binding": {
                  "config": {
                    "expression": "round({[default]conveyor_fpm}/12, 2) + \"s\""
                  },
                  "type": "expr"
                }
              }
            },
            "props": {
              "alignItems": "center",
              "style": {
                "classes": "arrow-track",
                "overflow": "hidden"
              }
            },
            "type": "ia.container.flex"
          }
        ],
        "meta": {
          "name": "FlexContainer_0"
        },
        "position": {
          "height": 38,
          "width": 721,
          "x": 468.7,
          "y": 597.97
        },
        "props": {
          "style": {
            "classes": "arrow-track-wrapper",
            "overflow": "hidden"
          }
        },
        "type": "ia.container.flex"
      },
      {
        "meta": {
          "name": "Progress_0"
        },
        "position": {
          "height": 108,
          "rotate": {
            "angle": -90
          },
          "width": 145,
          "x": 659.07,
          "y": 150.81
        },
        "propConfig": {
          "props.value": {
            "binding": {
              "config": {
                "fallbackDelay": 2.5,
                "mode": "direct",
                "tagPath": "[default]nitrogen_volume"
              },
              "type": "tag"
            }
          }
        },
        "props": {
          "bar": {
            "color": "#A6D4FF"
          },
          "max": 500
        },
        "type": "ia.display.progress"
      },
      {
        "meta": {
          "name": "conveyor"
        },
        "position": {
          "height": 535,
          "width": 847,
          "x": 163.97375,
          "y": 349.23
        },
        "props": {
          "elements": [
            {
              "id": "defs1",
              "name": "defs1",
              "type": "defs"
            },
            {
              "elements": [
                {
                  "fill": {
                    "opacity": "1",
                    "paint": "#585858"
                  },
                  "height": "57.698071",
                  "id": "rect3",
                  "name": "rect3",
                  "stroke": {
                    "dasharray": "none",
                    "paint": "#bdbdbd",
                    "width": "4"
                  },
                  "type": "rect",
                  "width": "965.76727",
                  "x": "16.492382",
                  "y": "116.80535"
                }
              ],
              "id": "layer1",
              "name": "layer1",
              "transform": "translate(-14.492382,-114.80535)",
              "type": "group"
            }
          ],
          "viewBox": "0 0 969.76727 61.69807"
        },
        "type": "ia.shapes.svg"
      },
      {
        "children": [
          {
            "children": [
              {
                "meta": {
                  "name": "Label"
                },
                "position": {
                  "basis": "50px"
                },
                "props": {
                  "style": {
                    "classes": "arrow"
                  }
                },
                "type": "ia.display.label"
              },
              {
                "meta": {
                  "name": "Label_0"
                },
                "position": {
                  "basis": "50px"
                },
                "props": {
                  "style": {
                    "classes": "arrow"
                  }
                },
                "type": "ia.display.label"
              },
              {
                "meta": {
                  "name": "Label_1"
                },
                "position": {
                  "basis": "50px"
                },
                "props": {
                  "style": {
                    "classes": "arrow"
                  }
                },
                "type": "ia.display.label"
              },
              {
                "meta": {
                  "name": "Label_2"
                },
                "position": {
                  "basis": "50px"
                },
                "props": {
                  "style": {
                    "classes": "arrow"
                  }
                },
                "type": "ia.display.label"
              },
              {
                "meta": {
                  "name": "Label_3"
                },
                "position": {
                  "basis": "50px"
                },
                "props": {
                  "style": {
                    "classes": "arrow"
                  }
                },
                "type": "ia.display.label"
              },
              {
                "meta": {
                  "name": "Label_4"
                },
                "position": {
                  "basis": "50px"
                },
                "props": {
                  "style": {
                    "classes": "arrow"
                  }
                },
                "type": "ia.display.label"
              },
              {
                "meta": {
                  "name": "Label_5"
                },
                "position": {
                  "basis": "50px"
                },
                "props": {
                  "style": {
                    "classes": "arrow"
                  }
                },
                "type": "ia.display.label"
              },
              {
                "meta": {
                  "name": "Label_6"
                },
                "position": {
                  "basis": "50px"
                },
                "props": {
                  "style": {
                    "classes": "arrow"
                  }
                },
                "type": "ia.display.label"
              },
              {
                "meta": {
                  "name": "Label_7"
                },
                "position": {
                  "basis": "50px"
                },
                "props": {
                  "style": {
                    "classes": "arrow"
                  }
                },
                "type": "ia.display.label"
              },
              {
                "meta": {
                  "name": "Label_8"
                },
                "position": {
                  "basis": "50px"
                },
                "props": {
                  "style": {
                    "classes": "arrow"
                  }
                },
                "type": "ia.display.label"
              },
              {
                "meta": {
                  "name": "Label_9"
                },
                "position": {
                  "basis": "50px"
                },
                "props": {
                  "style": {
                    "classes": "arrow"
                  }
                },
                "type": "ia.display.label"
              },
              {
                "meta": {
                  "name": "Label_10"
                },
                "position": {
                  "basis": "50px"
                },
                "props": {
                  "style": {
                    "classes": "arrow"
                  }
                },
                "type": "ia.display.label"
              },
              {
                "meta": {
                  "name": "Label_11"
                },
                "position": {
                  "basis": "50px"
                },
                "props": {
                  "style": {
                    "classes": "arrow"
                  }
                },
                "type": "ia.display.label"
              },
              {
                "meta": {
                  "name": "Label_12"
                },
                "position": {
                  "basis": "50px"
                },
                "props": {
                  "style": {
                    "classes": "arrow"
                  }
                },
                "type": "ia.display.label"
              },
              {
                "meta": {
                  "name": "Label_13"
                },
                "position": {
                  "basis": "50px"
                },
                "props": {
                  "style": {
                    "classes": "arrow"
                  }
                },
                "type": "ia.display.label"
              }
            ],
            "meta": {
              "name": "FlexContainer"
            },
            "position": {
              "grow": 1
            },
            "propConfig": {
              "props.style.animationDuration": {
                "binding": {
                  "config": {
                    "expression": "round({[default]conveyor_fpm}/12, 2) + \"s\""
                  },
                  "type": "expr"
                }
              }
            },
            "props": {
              "alignItems": "center",
              "style": {
                "classes": "arrow-track",
                "overflow": "hidden"
              }
            },
            "type": "ia.container.flex"
          }
        ],
        "meta": {
          "name": "FlexContainer"
        },
        "position": {
          "height": 38,
          "width": 721,
          "x": 55.70375,
          "y": 596.69
        },
        "props": {
          "style": {
            "classes": "arrow-track-wrapper",
            "overflow": "hidden"
          }
        },
        "type": "ia.container.flex"
      },
      {
        "meta": {
          "name": "nitrogen_tunnel"
        },
        "position": {
          "height": 344,
          "width": 341,
          "x": 699.8175,
          "y": 391.66875
        },
        "props": {
          "elements": [
            {
              "id": "defs1",
              "name": "defs1",
              "type": "defs"
            },
            {
              "elements": [
                {
                  "fill": {
                    "opacity": "1",
                    "paint": "#323232"
                  },
                  "height": "223.86185",
                  "id": "rect3",
                  "name": "rect3",
                  "stroke": {
                    "dasharray": "none",
                    "paint": "#bdbdbd",
                    "width": "8.06595"
                  },
                  "type": "rect",
                  "width": "650.65271",
                  "x": "4.0330143",
                  "y": "128.45435"
                },
                {
                  "fill": {
                    "opacity": "1",
                    "paint": "#323232"
                  },
                  "height": "33.163986",
                  "id": "rect3-1-1",
                  "name": "rect3-1-1",
                  "stroke": {
                    "dasharray": "none",
                    "paint": "#bdbdbd",
                    "width": "5.87837"
                  },
                  "type": "rect",
                  "width": "58.072464",
                  "x": "28.570549",
                  "y": "96.354759"
                },
                {
                  "d": "m 584.06022,73.206758 h 59.07151 V 128.45436 H 540.363 Z",
                  "fill": {
                    "paint": "#323232"
                  },
                  "id": "rect3-1-1-2",
                  "name": "rect3-1-1-2",
                  "stroke": {
                    "dasharray": "none",
                    "paint": "#bdbdbd",
                    "width": "7.515"
                  },
                  "type": "path"
                },
                {
                  "d": "M 105.13621,129.58323 V 351.18731",
                  "fill": {
                    "paint": "#404040"
                  },
                  "id": "path2",
                  "name": "path2",
                  "stroke": {
                    "dasharray": "none",
                    "opacity": "1",
                    "paint": "#bdbdbd",
                    "width": "7.99999"
                  },
                  "type": "path"
                },
                {
                  "fill": {
                    "opacity": "1",
                    "paint": "#323232"
                  },
                  "height": "279.62122",
                  "id": "rect3-5",
                  "name": "rect3-5",
                  "stroke": {
                    "dasharray": "none",
                    "paint": "#bdbdbd",
                    "width": "8.179"
                  },
                  "type": "rect",
                  "width": "424.18539",
                  "x": "104.77557",
                  "y": "73.088608"
                }
              ],
              "id": "layer1",
              "name": "layer1",
              "transform": "translate(-3.8146973e-5,24.131784)",
              "type": "group"
            }
          ],
          "viewBox": "0 0 658.71869 380.48096"
        },
        "type": "ia.shapes.svg"
      },
      {
        "events": {
          "dom": {
            "onClick": {
              "config": {
                "script": "\tsystem.tag.writeAsync(\n\t\t[\"[default]gv_1\"],\n\t\tnot system.tag.readBlocking([\"[default]gv_1\"])[0].value\n\t)"
              },
              "scope": "G",
              "type": "script"
            }
          }
        },
        "meta": {
          "name": "Valve"
        },
        "position": {
          "height": 84,
          "width": 69,
          "x": 677,
          "y": 460.091
        },
        "propConfig": {
          "props.state": {
            "binding": {
              "config": {
                "fallbackDelay": 2.5,
                "mode": "direct",
                "tagPath": "[default]gv_1"
              },
              "transforms": [
                {
                  "fallback": "closed",
                  "inputType": "scalar",
                  "mappings": [
                    {
                      "input": false,
                      "output": "closed"
                    },
                    {
                      "input": true,
                      "output": "open"
                    }
                  ],
                  "outputType": "scalar",
                  "type": "map"
                }
              ],
              "type": "tag"
            }
          }
        },
        "props": {
          "label": {
            "text": ""
          },
          "value": {
            "text": ""
          },
          "valve": "left"
        },
        "type": "ia.symbol.valve"
      },
      {
        "meta": {
          "name": "Progress"
        },
        "position": {
          "height": 72,
          "rotate": {
            "angle": -90
          },
          "width": 58,
          "x": 137.06375,
          "y": 426.03999999999996
        },
        "propConfig": {
          "props.value": {
            "binding": {
              "config": {
                "fallbackDelay": 2.5,
                "mode": "direct",
                "tagPath": "[default]trough_weight"
              },
              "type": "tag"
            }
          }
        },
        "props": {
          "bar": {
            "color": "#4E3B27"
          },
          "max": 60
        },
        "type": "ia.display.progress"
      },
      {
        "meta": {
          "name": "FlexContainer_1"
        },
        "position": {
          "height": 31,
          "width": 295,
          "x": 134.94475,
          "y": 782.136
        },
        "props": {
          "alignContent": "center",
          "justify": "center",
          "style": {
            "classes": "arrow-track-wrapper",
            "overflow": "hidden"
          }
        },
        "type": "ia.container.flex"
      },
      {
        "meta": {
          "name": "wirecutter"
        },
        "position": {
          "height": 258,
          "width": 242,
          "x": 42.97375,
          "y": 405.11
        },
        "propConfig": {
          "props.elements[3].elements[7].style.animationDuration": {
            "binding": {
              "config": {
                "expression": "round({[default]wirecut_cpm}/60/10, 2) + \"s\""
              },
              "type": "expr"
            }
          }
        },
        "props": {
          "elements": [
            {
              "id": "defs1",
              "name": "defs1",
              "type": "defs"
            },
            {
              "d": "m 194.84378,117.33596 v 53.02199",
              "fill": {
                "opacity": "1",
                "paint": "#323232"
              },
              "id": "path4-4",
              "name": "path4-4",
              "stroke": {
                "dasharray": "none",
                "opacity": "1",
                "paint": "#bdbdbd",
                "width": "6"
              },
              "type": "path"
            },
            {
              "d": "m 97.688347,116.20967 v 53.02199",
              "fill": {
                "opacity": "1",
                "paint": "#323232"
              },
              "id": "path4-4-2",
              "name": "path4-4-2",
              "stroke": {
                "dasharray": "none",
                "opacity": "1",
                "paint": "#bdbdbd",
                "width": "6"
              },
              "type": "path"
            },
            {
              "elements": [
                {
                  "d": "M -49.667969,-33.722656 V 232.23437 l 103.603516,63.01368 38.242187,-0.0605 38.240236,0.0605 103.60547,-63.01368 V -33.722656 H 92.177734 Z m 81.384766,73.658203 60.460937,0.05078 60.458986,-0.05078 -0.13086,165.199223 -60.328126,-0.16993 -60.330078,0.16993 z",
                  "fill": {
                    "paint": "#323232"
                  },
                  "id": "rect1",
                  "name": "rect1",
                  "stroke": {
                    "dasharray": "none",
                    "paint": "#bdbdbd",
                    "width": "9.15302"
                  },
                  "transform": "matrix(0.44387158,0,0,0.43891122,68.576351,-9.2447724)",
                  "type": "path"
                },
                {
                  "d": "m -34.214427,184.13311 56.006306,-0.42457 31.401537,-41.18297 h 37.47445 37.474454 37.47444 V 290.10316 H -34.214427 v -52.98502 z",
                  "fill": {
                    "paint": "#323232"
                  },
                  "id": "rect2",
                  "name": "rect2",
                  "stroke": {
                    "paint": "#bdbdbd",
                    "width": "3.96184"
                  },
                  "type": "path"
                },
                {
                  "d": "m 165.47147,157.30499 81.11899,39.93735 v 92.96794 h -81.11899 z",
                  "fill": {
                    "paint": "#323232"
                  },
                  "id": "rect3",
                  "name": "rect3",
                  "stroke": {
                    "paint": "#bdbdbd",
                    "width": "3.7476"
                  },
                  "type": "path"
                },
                {
                  "d": "m 84.69762,117.74034 h 49.99286 V 141.2222 H 84.69762 Z",
                  "fill": {
                    "paint": "#323232"
                  },
                  "id": "rect4",
                  "name": "rect4",
                  "stroke": {
                    "dasharray": "none",
                    "paint": "#bdbdbd",
                    "width": "3.734"
                  },
                  "type": "path"
                },
                {
                  "d": "M 21.575152,185.09386 V 289.14833",
                  "fill": {
                    "opacity": "1",
                    "paint": "#323232"
                  },
                  "id": "path5",
                  "name": "path5",
                  "stroke": {
                    "dasharray": "none",
                    "opacity": "1",
                    "paint": "#bdbdbd",
                    "width": "3.81701"
                  },
                  "type": "path"
                },
                {
                  "fill": {
                    "opacity": "1",
                    "paint": "#323232"
                  },
                  "height": "16.181992",
                  "id": "rect5",
                  "name": "rect5",
                  "stroke": {
                    "dasharray": "none",
                    "opacity": "1",
                    "paint": "#bdbdbd",
                    "width": "2.994"
                  },
                  "type": "rect",
                  "width": "33.548031",
                  "x": "-22.852394",
                  "y": "166.66791"
                },
                {
                  "d": "m -17.422187,139.2748 c 11.4378847,-9.31048 22.8849567,0 22.8849567,0 V 165.185 H -17.422187 Z",
                  "fill": {
                    "opacity": "1",
                    "paint": "#323232"
                  },
                  "id": "rect6",
                  "name": "rect6",
                  "stroke": {
                    "dasharray": "none",
                    "paint": "#bdbdbd",
                    "width": "2.50469"
                  },
                  "type": "path"
                },
                {
                  "d": "m -14.015791,141.76318 c 7.8849097,-7.12127 15.7761517,0 15.7761517,0 V 161.581 H -14.015791 Z",
                  "fill": {
                    "opacity": 1,
                    "paint": "#423000"
                  },
                  "id": "path6",
                  "key": "value",
                  "name": "path6",
                  "stroke": {
                    "dasharray": "none",
                    "opacity": "0",
                    "paint": "#bdbdbd",
                    "width": "1.81874"
                  },
                  "style": {
                    "classes": "wirecutFlash"
                  },
                  "type": "path"
                }
              ],
              "id": "layer1",
              "name": "layer1",
              "transform": "translate(36.195347,26.054706)",
              "type": "group"
            }
          ],
          "viewBox": "0 0 284.6596 318.13879"
        },
        "type": "ia.shapes.svg"
      },
      {
        "meta": {
          "name": "ToggleSwitch"
        },
        "position": {
          "height": 36,
          "rotate": {
            "anchor": "50% 11%",
            "angle": "270deg"
          },
          "width": 96,
          "x": 12.09375,
          "y": 587.9100000000001
        },
        "propConfig": {
          "props.selected": {
            "binding": {
              "config": {
                "bidirectional": true,
                "fallbackDelay": 2.5,
                "mode": "direct",
                "tagPath": "[default]wirecutter"
              },
              "type": "tag"
            }
          }
        },
        "props": {
          "color": {
            "selected": "#33FA36",
            "unselected": "#B8B8B8"
          }
        },
        "type": "ia.input.toggle-switch"
      },
      {
        "meta": {
          "name": "Label"
        },
        "position": {
          "height": 32,
          "width": 120,
          "x": 108.05375,
          "y": 374.1
        },
        "props": {
          "text": "TROUGH",
          "textStyle": {
            "textAlignLast": "center"
          }
        },
        "type": "ia.display.label"
      },
      {
        "meta": {
          "name": "Label_0"
        },
        "position": {
          "height": 32,
          "width": 120,
          "x": 108.00475,
          "y": 491.134
        },
        "propConfig": {
          "props.text": {
            "binding": {
              "config": {
                "fallbackDelay": 2.5,
                "mode": "direct",
                "tagPath": "[default]trough_weight"
              },
              "transforms": [
                {
                  "formatType": "numeric",
                  "formatValue": "##.##",
                  "type": "format"
                }
              ],
              "type": "tag"
            }
          }
        },
        "props": {
          "textStyle": {
            "textAlignLast": "center"
          }
        },
        "type": "ia.display.label"
      },
      {
        "meta": {
          "name": "Label_1"
        },
        "position": {
          "height": 32,
          "width": 120,
          "x": 92.08245,
          "y": 663.2
        },
        "props": {
          "text": "WIRECUTTER",
          "textStyle": {
            "textAlignLast": "center"
          }
        },
        "type": "ia.display.label"
      },
      {
        "meta": {
          "name": "Label_2"
        },
        "position": {
          "height": 32,
          "width": 51.44,
          "x": 103.06375,
          "y": 584.24
        },
        "props": {
          "text": "CPM:",
          "textStyle": {
            "textAlignLast": "center"
          }
        },
        "type": "ia.display.label"
      },
      {
        "meta": {
          "name": "TextField"
        },
        "position": {
          "height": 32,
          "width": 51.44,
          "x": 150.62375,
          "y": 584.97
        },
        "propConfig": {
          "props.text": {
            "binding": {
              "config": {
                "fallbackDelay": 2.5,
                "mode": "direct",
                "tagPath": "[default]wirecut_cpm"
              },
              "type": "tag"
            }
          }
        },
        "props": {
          "enabled": false
        },
        "type": "ia.input.text-field"
      },
      {
        "meta": {
          "name": "papercutter"
        },
        "position": {
          "height": 216,
          "width": 135,
          "x": 383.09375,
          "y": 446.796
        },
        "propConfig": {
          "props.elements[2].elements[6].style.animationDuration": {
            "binding": {
              "config": {
                "expression": "round({[default]papercut_cpm}/60, 2) + \"s\""
              },
              "type": "expr"
            }
          }
        },
        "props": {
          "elements": [
            {
              "id": "defs1",
              "name": "defs1",
              "type": "defs"
            },
            {
              "d": "m 107.859,86.220632 h 17.37849 c -0.007,10.88978 -0.14927,25.741578 0,36.630668 H 79.529604 V 104.77201 L 107.859,104.48659 Z",
              "fill": {
                "paint": "#323232"
              },
              "id": "rect4",
              "name": "rect4",
              "stroke": {
                "paint": "#bdbdbd",
                "width": "2.2402"
              },
              "type": "path"
            },
            {
              "elements": [
                {
                  "d": "m 131.59444,58.684023 c 21.70828,-21.900389 42.26391,0 42.26391,0 v 62.101707 l -10.25905,13.30611 h -26.44922 l -5.55564,-13.30611 z",
                  "fill": {
                    "paint": "#323232"
                  },
                  "id": "rect2",
                  "name": "rect2",
                  "stroke": {
                    "paint": "#bdbdbd",
                    "width": "2.50469"
                  },
                  "type": "path"
                },
                {
                  "fill": {
                    "opacity": "1",
                    "paint": "#323232"
                  },
                  "height": "167.29758",
                  "id": "rect1",
                  "name": "rect1",
                  "stroke": {
                    "paint": "#bdbdbd",
                    "width": "3.49431"
                  },
                  "type": "rect",
                  "width": "58.564075",
                  "x": "72.343445",
                  "y": "124.21278"
                },
                {
                  "cx": "101.62548",
                  "cy": "125.14867",
                  "fill": {
                    "opacity": "1",
                    "paint": "#323232"
                  },
                  "id": "path1",
                  "name": "path1",
                  "rx": "29.895498",
                  "ry": "29.759657",
                  "stroke": {
                    "paint": "#bdbdbd",
                    "width": "2.44583"
                  },
                  "type": "ellipse"
                },
                {
                  "fill": {
                    "opacity": "1",
                    "paint": "#323232"
                  },
                  "height": "26.217379",
                  "id": "rect3",
                  "name": "rect3",
                  "stroke": {
                    "paint": "#bdbdbd",
                    "width": "2.50469"
                  },
                  "type": "rect",
                  "width": "10.459784",
                  "x": "174.01276",
                  "y": "80.010551"
                },
                {
                  "fill": {
                    "opacity": "1",
                    "paint": "#323232"
                  },
                  "height": "16.181992",
                  "id": "rect5",
                  "name": "rect5",
                  "stroke": {
                    "dasharray": "none",
                    "opacity": "1",
                    "paint": "#bdbdbd",
                    "width": "2.994"
                  },
                  "transform": "rotate(-89.896765)",
                  "type": "rect",
                  "width": "33.548031",
                  "x": "-189.77254",
                  "y": "56.827675"
                },
                {
                  "d": "m 38.017111,184.61493 c -6.178247,-11.6752 0.02742,-23.32554 0.02742,-23.32554 l 17.23163,0.0476 -0.02742,23.32554 z",
                  "fill": {
                    "opacity": "1",
                    "paint": "#323232"
                  },
                  "id": "rect6",
                  "name": "rect6",
                  "stroke": {
                    "dasharray": "none",
                    "paint": "#bdbdbd",
                    "width": "2.06216"
                  },
                  "type": "path"
                },
                {
                  "d": "m 40.178991,181.17524 c -4.366367,-8.07761 0.01746,-16.13544 0.01746,-16.13544 l 12.175475,0.0365 -0.01745,16.13544 z",
                  "fill": {
                    "opacity": "1",
                    "paint": "#423000"
                  },
                  "id": "path6",
                  "name": "path6",
                  "stroke": {
                    "dasharray": "none",
                    "opacity": "0",
                    "paint": "#bdbdbd",
                    "width": "1.44171"
                  },
                  "style": {
                    "classes": "wirecutFlash"
                  },
                  "type": "path"
                },
                {
                  "d": "m 131.94081,69.650059 h 40.91025",
                  "fill": {
                    "opacity": "1",
                    "paint": "#323232"
                  },
                  "id": "path5",
                  "name": "path5",
                  "stroke": {
                    "paint": "#bdbdbd",
                    "width": "2.54229"
                  },
                  "type": "path"
                },
                {
                  "d": "m 132.47922,120.82586 h 40.37184",
                  "fill": {
                    "opacity": "1",
                    "paint": "#323232"
                  },
                  "id": "path7",
                  "name": "path7",
                  "stroke": {
                    "paint": "#bdbdbd",
                    "width": "2.51878"
                  },
                  "type": "path"
                },
                {
                  "d": "M 73.144248,259.13297 H 130.25589",
                  "fill": {
                    "opacity": "1",
                    "paint": "#323232"
                  },
                  "id": "path7-3-3",
                  "name": "path7-3-3",
                  "stroke": {
                    "paint": "#bdbdbd",
                    "width": "2.9958"
                  },
                  "type": "path"
                }
              ],
              "id": "layer1",
              "name": "layer1",
              "transform": "translate(-34.249026,-47.730578)",
              "type": "group"
            }
          ],
          "viewBox": "0 0 151.47586 245.52693"
        },
        "type": "ia.shapes.svg"
      },
      {
        "meta": {
          "name": "Label_3"
        },
        "position": {
          "height": 32,
          "width": 120,
          "x": 384.08375,
          "y": 662.2
        },
        "props": {
          "text": "PAPERCUTTER",
          "textStyle": {
            "textAlignLast": "center"
          }
        },
        "type": "ia.display.label"
      },
      {
        "meta": {
          "name": "Label_4"
        },
        "position": {
          "height": 32,
          "width": 52.55,
          "x": 376.9635,
          "y": 691.990625
        },
        "props": {
          "text": "CPM:",
          "textStyle": {
            "textAlignLast": "center"
          }
        },
        "type": "ia.display.label"
      },
      {
        "meta": {
          "name": "ToggleSwitch_0"
        },
        "position": {
          "height": 36,
          "rotate": {
            "anchor": "50% 11%",
            "angle": "270deg"
          },
          "width": 96,
          "x": 381.09375,
          "y": 569.9100000000001
        },
        "propConfig": {
          "props.selected": {
            "binding": {
              "config": {
                "bidirectional": true,
                "fallbackDelay": 2.5,
                "mode": "direct",
                "tagPath": "[default]paper_cutter"
              },
              "type": "tag"
            }
          }
        },
        "props": {
          "color": {
            "selected": "#33FA36",
            "unselected": "#B8B8B8"
          }
        },
        "type": "ia.input.toggle-switch"
      },
      {
        "meta": {
          "name": "Label_5"
        },
        "position": {
          "height": 32,
          "width": 120,
          "x": 560.40975,
          "y": 663.119
        },
        "props": {
          "text": "CONVEYOR",
          "textStyle": {
            "textAlignLast": "center"
          }
        },
        "type": "ia.display.label"
      },
      {
        "meta": {
          "name": "Label_6"
        },
        "position": {
          "height": 32,
          "width": 52.55,
          "x": 561.07675,
          "y": 692.393125
        },
        "props": {
          "text": "FPM:",
          "textStyle": {
            "textAlignLast": "center"
          }
        },
        "type": "ia.display.label"
      },
      {
        "events": {
          "dom": {
            "onClick": {
              "config": {
                "script": "\tsystem.tag.writeAsync(\n\t\t[\"[default]fan_1\"],\n\t\tnot system.tag.readBlocking([\"[default]fan_1\"])[0].value\n\t)"
              },
              "scope": "G",
              "type": "script"
            }
          }
        },
        "meta": {
          "name": "fan"
        },
        "position": {
          "height": 168,
          "width": 61,
          "x": 765.954,
          "y": 506.974
        },
        "propConfig": {
          "props.style.animationDuration": {
            "binding": {
              "config": {
                "fallbackDelay": 2.5,
                "mode": "direct",
                "tagPath": "[default]fan_1"
              },
              "transforms": [
                {
                  "fallback": "0s",
                  "inputType": "scalar",
                  "mappings": [
                    {
                      "input": false,
                      "output": "0s"
                    },
                    {
                      "input": true,
                      "output": "1s"
                    }
                  ],
                  "outputType": "scalar",
                  "type": "map"
                }
              ],
              "type": "tag"
            }
          }
        },
        "props": {
          "elements": [
            {
              "id": "defs1",
              "name": "defs1",
              "type": "defs"
            },
            {
              "elements": [
                {
                  "cx": "106.81242",
                  "cy": "151.76585",
                  "fill": {
                    "opacity": "1",
                    "paint": "#404040"
                  },
                  "id": "path1",
                  "name": "path1",
                  "r": "65.782745",
                  "stroke": {
                    "opacity": "1",
                    "paint": "#bdbdbd",
                    "width": "6.14215"
                  },
                  "type": "circle"
                },
                {
                  "d": "m 96.366385,93.339313 -10e-7,22.884367 -10e-7,22.88437 c 0,0 -28.620773,-8.82637 -37.447151,0 -4.903544,4.90355 -8.321589,20.80398 -8.321589,20.80398 h 22.88437 22.88437 c 0,0 -9.176905,29.7574 0,38.93431 4.742267,4.74227 20.803967,10.99522 20.803967,10.99522 l -0.34213,-24.96477 -0.34213,-24.96476 c 0,0 28.62078,8.82637 37.44716,0 4.90355,-4.90354 9.00585,-20.80398 9.00585,-20.80398 h -23.2265 -23.22651 c 0,0 8.82638,-28.62076 0,-37.44714 -4.74226,-4.742273 -20.119705,-8.321597 -20.119705,-8.321597 z",
                  "fill": {
                    "paint": "#666666"
                  },
                  "id": "rect1",
                  "name": "rect1",
                  "stroke": {
                    "paint": "#bdbdbd",
                    "width": "3.32863"
                  },
                  "style": {},
                  "type": "path"
                },
                {
                  "cx": "106.81242",
                  "cy": "151.76585",
                  "fill": {
                    "opacity": "1",
                    "paint": "#4d4d4d"
                  },
                  "id": "circle2",
                  "name": "circle2",
                  "r": "16.530893",
                  "stroke": {
                    "dasharray": "none",
                    "opacity": "1",
                    "paint": "#979797",
                    "width": "4"
                  },
                  "type": "circle"
                }
              ],
              "id": "layer1",
              "name": "layer1",
              "transform": "translate(-37.958603,-82.912034)",
              "type": "group"
            }
          ],
          "style": {
            "classes": "spin"
          },
          "viewBox": "0 0 137.70765 137.70765"
        },
        "type": "ia.shapes.svg"
      },
      {
        "meta": {
          "name": "nitrogen_tank"
        },
        "position": {
          "height": 301,
          "width": 143,
          "x": 660.328,
          "y": 73.4228
        },
        "props": {
          "elements": [
            {
              "id": "defs1",
              "name": "defs1",
              "type": "defs"
            },
            {
              "elements": [
                {
                  "d": "M 105,3.7148438 C 80.163031,3.7738334 15.774102,7.1006861 15,40 l 0.744141,108.5 v 72.39258 72.39453 L 60.714844,345 H 105 149.28516 l 44.9707,-51.71289 V 220.89258 148.5 L 195,40 C 194.2259,7.1006861 129.83697,3.7738334 105,3.7148438 Z M 105,74.910156 152.12891,75 V 112.30273 148.5 184.69727 l 0.6875,71.1875 -47.81641,0.0527 -47.816406,-0.0527 0.6875,-71.1875 V 148.5 112.30273 75 Z",
                  "fill": {
                    "paint": "#323232"
                  },
                  "id": "rect3",
                  "name": "rect3",
                  "stroke": {
                    "paint": "#bdbdbd",
                    "width": 4
                  },
                  "type": "path"
                },
                {
                  "d": "M 15.000002,44.999999 H 195",
                  "fill": {
                    "paint": "#404040"
                  },
                  "id": "path1",
                  "name": "path1",
                  "stroke": {
                    "paint": "#bdbdbd",
                    "width": 4
                  },
                  "type": "path"
                },
                {
                  "d": "M 15,290 H 195",
                  "fill": {
                    "paint": "#404040"
                  },
                  "id": "path2",
                  "name": "path2",
                  "stroke": {
                    "paint": "#bdbdbd",
                    "width": 4
                  },
                  "type": "path"
                },
                {
                  "fill": {
                    "opacity": "1",
                    "paint": "#323232"
                  },
                  "height": 15,
                  "id": "rect2",
                  "name": "rect2",
                  "stroke": {
                    "paint": "#bdbdbd",
                    "width": 4
                  },
                  "type": "rect",
                  "width": 30,
                  "x": 88,
                  "y": "345.19211"
                }
              ],
              "id": "layer1",
              "name": "layer1",
              "transform": "translate(-11.286621,-0.00175335)",
              "type": "group"
            }
          ],
          "viewBox": "0 0 187.42676 379.19034"
        },
        "type": "ia.shapes.svg"
      },
      {
        "meta": {
          "name": "exhaust"
        },
        "position": {
          "height": 132,
          "width": 124,
          "x": 956,
          "y": 208.78
        },
        "props": {
          "elements": [
            {
              "id": "defs1",
              "name": "defs1",
              "type": "defs"
            },
            {
              "elements": [
                {
                  "fill": {
                    "opacity": "1",
                    "paint": "#323232"
                  },
                  "height": "147.8687",
                  "id": "rect3-5",
                  "name": "rect3-5",
                  "stroke": {
                    "dasharray": "none",
                    "paint": "#bdbdbd",
                    "width": "6"
                  },
                  "type": "rect",
                  "width": "170.15662",
                  "x": "19.922552",
                  "y": "93.449989"
                },
                {
                  "d": "m 103.58008,31.980469 -87.400393,0.378906 24.97461,68.923825 62.425783,-0.375 62.42773,0.375 24.97266,-68.923825 z",
                  "fill": {
                    "paint": "#323232"
                  },
                  "id": "rect3-5-2",
                  "name": "rect3-5-2",
                  "stroke": {
                    "dasharray": "none",
                    "paint": "#bdbdbd",
                    "width": "4.40252"
                  },
                  "transform": "matrix(1.3628561,0,0,1.3628561,-36.164685,-44.584954)",
                  "type": "path"
                },
                {
                  "fill": {
                    "opacity": "1",
                    "paint": "#323232"
                  },
                  "height": "31.655903",
                  "id": "rect3-5-1",
                  "name": "rect3-5-1",
                  "stroke": {
                    "dasharray": "none",
                    "paint": "#bdbdbd",
                    "width": "6"
                  },
                  "type": "rect",
                  "width": "69.652832",
                  "x": "70.174446",
                  "y": "241.31868"
                }
              ],
              "id": "layer1",
              "name": "layer1",
              "transform": "translate(18.385328,4.000206)",
              "type": "group"
            }
          ],
          "viewBox": "0 0 246.77066 279.97479"
        },
        "type": "ia.shapes.svg"
      },
      {
        "meta": {
          "name": "Label_7"
        },
        "position": {
          "height": 32,
          "width": 120,
          "x": 671.5975,
          "y": 41.541875000000005
        },
        "props": {
          "text": "NITROGEN",
          "textStyle": {
            "textAlignLast": "center"
          }
        },
        "type": "ia.display.label"
      },
      {
        "meta": {
          "name": "Label_8"
        },
        "position": {
          "height": 32,
          "width": 120,
          "x": 959.6,
          "y": 176.305625
        },
        "props": {
          "text": "EXHAUST",
          "textStyle": {
            "textAlignLast": "center"
          }
        },
        "type": "ia.display.label"
      },
      {
        "meta": {
          "name": "Label_9"
        },
        "position": {
          "height": 32,
          "width": 120,
          "x": 798.03775,
          "y": 662.7273749999999
        },
        "props": {
          "text": "TUNNEL",
          "textStyle": {
            "textAlignLast": "center"
          }
        },
        "type": "ia.display.label"
      },
      {
        "meta": {
          "name": "Label_10"
        },
        "position": {
          "height": 32,
          "width": 120,
          "x": 748.18075,
          "y": 691.244875
        },
        "props": {
          "text": "TEMP:",
          "textStyle": {
            "textAlignLast": "center"
          }
        },
        "type": "ia.display.label"
      },
      {
        "events": {
          "dom": {
            "onClick": {
              "config": {
                "script": "\tsystem.tag.writeAsync(\n\t\t[\"[default]fan_2\"],\n\t\tnot system.tag.readBlocking([\"[default]fan_2\"])[0].value\n\t)"
              },
              "scope": "G",
              "type": "script"
            }
          }
        },
        "meta": {
          "name": "fan_0"
        },
        "position": {
          "height": 168,
          "width": 61,
          "x": 833.262,
          "y": 507.054
        },
        "propConfig": {
          "props.style.animationDuration": {
            "binding": {
              "config": {
                "fallbackDelay": 2.5,
                "mode": "direct",
                "tagPath": "[default]fan_2"
              },
              "transforms": [
                {
                  "fallback": "0s",
                  "inputType": "scalar",
                  "mappings": [
                    {
                      "input": false,
                      "output": "0s"
                    },
                    {
                      "input": true,
                      "output": "1s"
                    }
                  ],
                  "outputType": "scalar",
                  "type": "map"
                }
              ],
              "type": "tag"
            }
          }
        },
        "props": {
          "elements": [
            {
              "id": "defs1",
              "name": "defs1",
              "type": "defs"
            },
            {
              "elements": [
                {
                  "cx": "106.81242",
                  "cy": "151.76585",
                  "fill": {
                    "opacity": "1",
                    "paint": "#404040"
                  },
                  "id": "path1",
                  "name": "path1",
                  "r": "65.782745",
                  "stroke": {
                    "opacity": "1",
                    "paint": "#bdbdbd",
                    "width": "6.14215"
                  },
                  "type": "circle"
                },
                {
                  "d": "m 96.366385,93.339313 -10e-7,22.884367 -10e-7,22.88437 c 0,0 -28.620773,-8.82637 -37.447151,0 -4.903544,4.90355 -8.321589,20.80398 -8.321589,20.80398 h 22.88437 22.88437 c 0,0 -9.176905,29.7574 0,38.93431 4.742267,4.74227 20.803967,10.99522 20.803967,10.99522 l -0.34213,-24.96477 -0.34213,-24.96476 c 0,0 28.62078,8.82637 37.44716,0 4.90355,-4.90354 9.00585,-20.80398 9.00585,-20.80398 h -23.2265 -23.22651 c 0,0 8.82638,-28.62076 0,-37.44714 -4.74226,-4.742273 -20.119705,-8.321597 -20.119705,-8.321597 z",
                  "fill": {
                    "paint": "#666666"
                  },
                  "id": "rect1",
                  "name": "rect1",
                  "stroke": {
                    "paint": "#bdbdbd",
                    "width": "3.32863"
                  },
                  "style": {},
                  "type": "path"
                },
                {
                  "cx": "106.81242",
                  "cy": "151.76585",
                  "fill": {
                    "opacity": "1",
                    "paint": "#4d4d4d"
                  },
                  "id": "circle2",
                  "name": "circle2",
                  "r": "16.530893",
                  "stroke": {
                    "dasharray": "none",
                    "opacity": "1",
                    "paint": "#979797",
                    "width": "4"
                  },
                  "type": "circle"
                }
              ],
              "id": "layer1",
              "name": "layer1",
              "transform": "translate(-37.958603,-82.912034)",
              "type": "group"
            }
          ],
          "style": {
            "classes": "spin"
          },
          "viewBox": "0 0 137.70765 137.70765"
        },
        "type": "ia.shapes.svg"
      },
      {
        "events": {
          "dom": {
            "onClick": {
              "config": {
                "script": "\tsystem.tag.writeAsync(\n\t\t[\"[default]fan_3\"],\n\t\tnot system.tag.readBlocking([\"[default]fan_3\"])[0].value\n\t)"
              },
              "scope": "G",
              "type": "script"
            }
          }
        },
        "meta": {
          "name": "fan_1"
        },
        "position": {
          "height": 168,
          "width": 61,
          "x": 900.26,
          "y": 507.134
        },
        "propConfig": {
          "props.style.animationDuration": {
            "binding": {
              "config": {
                "fallbackDelay": 2.5,
                "mode": "direct",
                "tagPath": "[default]fan_3"
              },
              "transforms": [
                {
                  "fallback": "0s",
                  "inputType": "scalar",
                  "mappings": [
                    {
                      "input": false,
                      "output": "0s"
                    },
                    {
                      "input": true,
                      "output": "1s"
                    }
                  ],
                  "outputType": "scalar",
                  "type": "map"
                }
              ],
              "type": "tag"
            }
          }
        },
        "props": {
          "elements": [
            {
              "id": "defs1",
              "name": "defs1",
              "type": "defs"
            },
            {
              "elements": [
                {
                  "cx": "106.81242",
                  "cy": "151.76585",
                  "fill": {
                    "opacity": "1",
                    "paint": "#404040"
                  },
                  "id": "path1",
                  "name": "path1",
                  "r": "65.782745",
                  "stroke": {
                    "opacity": "1",
                    "paint": "#bdbdbd",
                    "width": "6.14215"
                  },
                  "type": "circle"
                },
                {
                  "d": "m 96.366385,93.339313 -10e-7,22.884367 -10e-7,22.88437 c 0,0 -28.620773,-8.82637 -37.447151,0 -4.903544,4.90355 -8.321589,20.80398 -8.321589,20.80398 h 22.88437 22.88437 c 0,0 -9.176905,29.7574 0,38.93431 4.742267,4.74227 20.803967,10.99522 20.803967,10.99522 l -0.34213,-24.96477 -0.34213,-24.96476 c 0,0 28.62078,8.82637 37.44716,0 4.90355,-4.90354 9.00585,-20.80398 9.00585,-20.80398 h -23.2265 -23.22651 c 0,0 8.82638,-28.62076 0,-37.44714 -4.74226,-4.742273 -20.119705,-8.321597 -20.119705,-8.321597 z",
                  "fill": {
                    "paint": "#666666"
                  },
                  "id": "rect1",
                  "name": "rect1",
                  "stroke": {
                    "paint": "#bdbdbd",
                    "width": "3.32863"
                  },
                  "style": {},
                  "type": "path"
                },
                {
                  "cx": "106.81242",
                  "cy": "151.76585",
                  "fill": {
                    "opacity": "1",
                    "paint": "#4d4d4d"
                  },
                  "id": "circle2",
                  "name": "circle2",
                  "r": "16.530893",
                  "stroke": {
                    "dasharray": "none",
                    "opacity": "1",
                    "paint": "#979797",
                    "width": "4"
                  },
                  "type": "circle"
                }
              ],
              "id": "layer1",
              "name": "layer1",
              "transform": "translate(-37.958603,-82.912034)",
              "type": "group"
            }
          ],
          "style": {
            "classes": "spin"
          },
          "viewBox": "0 0 137.70765 137.70765"
        },
        "type": "ia.shapes.svg"
      },
      {
        "meta": {
          "name": "light_1"
        },
        "position": {
          "height": 61,
          "width": 49,
          "x": 620.788,
          "y": 472.124
        },
        "propConfig": {
          "props.elements[1].elements[1].fill.paint": {
            "binding": {
              "config": {
                "fallbackDelay": 2.5,
                "mode": "direct",
                "tagPath": "[default]gv_1"
              },
              "transforms": [
                {
                  "fallback": "#2b0000",
                  "inputType": "scalar",
                  "mappings": [
                    {
                      "input": true,
                      "output": "#33FA36"
                    },
                    {
                      "input": false,
                      "output": "#2b0000"
                    }
                  ],
                  "outputType": "scalar",
                  "type": "map"
                }
              ],
              "type": "tag"
            }
          }
        },
        "props": {
          "elements": [
            {
              "id": "defs1",
              "name": "defs1",
              "type": "defs"
            },
            {
              "elements": [
                {
                  "cx": "100.85706",
                  "cy": "128.13647",
                  "fill": {
                    "paint": "#323232"
                  },
                  "id": "path1",
                  "name": "path1",
                  "r": "71.272308",
                  "stroke": {
                    "dasharray": "none",
                    "paint": "#bdbdbd",
                    "width": "6px"
                  },
                  "type": "circle"
                },
                {
                  "cx": "101.24128",
                  "cy": "127.75226",
                  "fill": {},
                  "id": "circle1",
                  "name": "circle1",
                  "r": "45.128132",
                  "stroke": {
                    "dasharray": "none",
                    "opacity": "1",
                    "paint": "#454545",
                    "width": "8px"
                  },
                  "type": "circle"
                }
              ],
              "id": "layer1",
              "name": "layer1",
              "transform": "translate(-27.334755,-54.614166)",
              "type": "group"
            }
          ],
          "viewBox": "0 0 147.04462 147.04462"
        },
        "type": "ia.shapes.svg"
      },
      {
        "meta": {
          "name": "Label_11"
        },
        "position": {
          "height": 32,
          "width": 120,
          "x": 671.5625,
          "y": 302.13
        },
        "propConfig": {
          "props.text": {
            "binding": {
              "config": {
                "fallbackDelay": 2.5,
                "mode": "direct",
                "tagPath": "[default]nitrogen_volume"
              },
              "transforms": [
                {
                  "formatType": "numeric",
                  "formatValue": "##.##",
                  "type": "format"
                }
              ],
              "type": "tag"
            }
          }
        },
        "props": {
          "textStyle": {
            "textAlignLast": "center"
          }
        },
        "type": "ia.display.label"
      },
      {
        "events": {
          "dom": {
            "onClick": {
              "config": {
                "script": "\tsystem.tag.writeAsync(\n\t\t[\"[default]exhaust_fan\"],\n\t\tnot system.tag.readBlocking([\"[default]exhaust_fan\"])[0].value\n\t)"
              },
              "scope": "G",
              "type": "script"
            }
          }
        },
        "meta": {
          "name": "fan_2"
        },
        "position": {
          "height": 168,
          "width": 61,
          "x": 987.516,
          "y": 205.548
        },
        "propConfig": {
          "props.style.animationDuration": {
            "binding": {
              "config": {
                "fallbackDelay": 2.5,
                "mode": "direct",
                "tagPath": "[default]exhaust_fan"
              },
              "transforms": [
                {
                  "fallback": "0s",
                  "inputType": "scalar",
                  "mappings": [
                    {
                      "input": false,
                      "output": "0s"
                    },
                    {
                      "input": true,
                      "output": "1s"
                    }
                  ],
                  "outputType": "scalar",
                  "type": "map"
                }
              ],
              "type": "tag"
            }
          }
        },
        "props": {
          "elements": [
            {
              "id": "defs1",
              "name": "defs1",
              "type": "defs"
            },
            {
              "elements": [
                {
                  "cx": "106.81242",
                  "cy": "151.76585",
                  "fill": {
                    "opacity": "1",
                    "paint": "#404040"
                  },
                  "id": "path1",
                  "name": "path1",
                  "r": "65.782745",
                  "stroke": {
                    "opacity": "1",
                    "paint": "#bdbdbd",
                    "width": "6.14215"
                  },
                  "type": "circle"
                },
                {
                  "d": "m 96.366385,93.339313 -10e-7,22.884367 -10e-7,22.88437 c 0,0 -28.620773,-8.82637 -37.447151,0 -4.903544,4.90355 -8.321589,20.80398 -8.321589,20.80398 h 22.88437 22.88437 c 0,0 -9.176905,29.7574 0,38.93431 4.742267,4.74227 20.803967,10.99522 20.803967,10.99522 l -0.34213,-24.96477 -0.34213,-24.96476 c 0,0 28.62078,8.82637 37.44716,0 4.90355,-4.90354 9.00585,-20.80398 9.00585,-20.80398 h -23.2265 -23.22651 c 0,0 8.82638,-28.62076 0,-37.44714 -4.74226,-4.742273 -20.119705,-8.321597 -20.119705,-8.321597 z",
                  "fill": {
                    "paint": "#666666"
                  },
                  "id": "rect1",
                  "name": "rect1",
                  "stroke": {
                    "paint": "#bdbdbd",
                    "width": "3.32863"
                  },
                  "style": {},
                  "type": "path"
                },
                {
                  "cx": "106.81242",
                  "cy": "151.76585",
                  "fill": {
                    "opacity": "1",
                    "paint": "#4d4d4d"
                  },
                  "id": "circle2",
                  "name": "circle2",
                  "r": "16.530893",
                  "stroke": {
                    "dasharray": "none",
                    "opacity": "1",
                    "paint": "#979797",
                    "width": "4"
                  },
                  "type": "circle"
                }
              ],
              "id": "layer1",
              "name": "layer1",
              "transform": "translate(-37.958603,-82.912034)",
              "type": "group"
            }
          ],
          "style": {
            "classes": "spin"
          },
          "viewBox": "0 0 137.70765 137.70765"
        },
        "type": "ia.shapes.svg"
      },
      {
        "meta": {
          "name": "LedDisplay"
        },
        "position": {
          "height": 22,
          "width": 75,
          "x": 835.1137768554687,
          "y": 695.6775
        },
        "propConfig": {
          "props.value": {
            "binding": {
              "config": {
                "fallbackDelay": 2.5,
                "mode": "direct",
                "tagPath": "[default]tunnel_temp"
              },
              "type": "tag"
            }
          }
        },
        "type": "ia.display.led-display"
      },
      {
        "meta": {
          "name": "LedDisplay_0"
        },
        "position": {
          "height": 22,
          "width": 63,
          "x": 614.2825,
          "y": 695.2875
        },
        "propConfig": {
          "props.value": {
            "binding": {
              "config": {
                "fallbackDelay": 2.5,
                "mode": "direct",
                "tagPath": "[default]conveyor_fpm"
              },
              "type": "tag"
            }
          }
        },
        "type": "ia.display.led-display"
      },
      {
        "meta": {
          "name": "LedDisplay_1"
        },
        "position": {
          "height": 22,
          "width": 63,
          "x": 441.436125,
          "y": 695.6645
        },
        "propConfig": {
          "props.value": {
            "binding": {
              "config": {
                "fallbackDelay": 2.5,
                "mode": "direct",
                "tagPath": "[default]papercut_cpm"
              },
              "type": "tag"
            }
          }
        },
        "type": "ia.display.led-display"
      },
      {
        "meta": {
          "name": "finished_good"
        },
        "position": {
          "height": 158,
          "width": 179,
          "x": 1181.69,
          "y": 535.962
        },
        "props": {
          "elements": [
            {
              "id": "defs1",
              "name": "defs1",
              "type": "defs"
            },
            {
              "elements": [
                {
                  "fill": {
                    "paint": "#323232"
                  },
                  "height": "210",
                  "id": "rect2",
                  "name": "rect2",
                  "stroke": {
                    "paint": "#bdbdbd",
                    "width": 6
                  },
                  "type": "rect",
                  "width": "210",
                  "x": "3.4395833",
                  "y": "86.254166"
                }
              ],
              "id": "layer1",
              "name": "layer1",
              "transform": "translate(0.45224166,-82.362341)",
              "type": "group"
            }
          ],
          "viewBox": "0 0 217.78365 217.78365"
        },
        "type": "ia.shapes.svg"
      },
      {
        "meta": {
          "name": "Label_12"
        },
        "position": {
          "height": 32,
          "width": 136,
          "x": 1201.6,
          "y": 600.6307666015625
        },
        "props": {
          "text": "FINISHED GOOD",
          "textStyle": {
            "textAlignLast": "center"
          }
        },
        "type": "ia.display.label"
      }
    ],
    "meta": {
      "name": "root",
      "tooltip": {
        "width": "15px"
      }
    },
    "position": {
      "x": -241.618425,
      "y": 506.996
    },
    "props": {
      "pipes": [
        {
          "appearance": "auto",
          "end": "none",
          "fill": "#6B6B6B",
          "flanges": true,
          "lineVariant": "solid",
          "name": "pipe",
          "origin": {
            "connections": [
              {
                "x": 730.2,
                "y": 349.23
              }
            ],
            "x": 730.2,
            "y": 478.31
          },
          "start": "none",
          "stroke": "",
          "visible": true,
          "width": 15
        },
        {
          "appearance": "auto",
          "end": "none",
          "fill": "#6B6B6B ",
          "flanges": true,
          "lineVariant": "solid",
          "name": "pipe_0",
          "origin": {
            "connections": [
              {
                "x": 1018,
                "y": 329.78
              }
            ],
            "x": 1018,
            "y": 515
          },
          "start": "none",
          "stroke": "",
          "visible": true,
          "width": 20
        }
      ],
      "style": {
        "overflow": "hidden"
      }
    },
    "type": "ia.container.coord"
  }
}