{
  "custom": {},
  "params": {},
  "props": {
    "defaultSize": {
      "height": 1032,
      "width": 1239
    }
  },
  "root": {
    "children": [
      {
        "meta": {
          "name": "Progress_2"
        },
        "position": {
          "height": 92,
          "rotate": {
            "angle": -90
          },
          "width": 81,
          "x": 751.31,
          "y": 745.12
        },
        "propConfig": {
          "props.value": {
            "binding": {
              "config": {
                "fallbackDelay": 2.5,
                "mode": "direct",
                "tagPath": "[default]mixer_weight"
              },
              "type": "tag"
            }
          }
        },
        "props": {
          "bar": {
            "color": "#4E3B27"
          },
          "max": 60,
          "valueDisplay": {
            "key": "value"
          }
        },
        "type": "ia.display.progress"
      },
      {
        "meta": {
          "name": "root Pipes Drawing"
        },
        "position": {
          "height": 191.69,
          "width": 816.43,
          "x": 199.98,
          "y": 383.39
        },
        "props": {
          "elements": [
            {
              "elements": [
                {
                  "height": "567.0800170898438",
                  "id": "D-0-mask-part-background",
                  "name": "D-0-mask-part-background",
                  "style": {
                    "classes": "ia_pipeMaskVisible"
                  },
                  "type": "rect",
                  "width": "1008.4099884033203"
                },
                {
                  "elements": [
                    {
                      "cx": "212.98",
                      "cy": "478.43",
                      "fill": {
                        "paint": "rgb(0, 0, 0)"
                      },
                      "name": "circle",
                      "r": "4",
                      "stroke": {
                        "paint": "transparent"
                      },
                      "style": {
                        "classes": "ia_pipeSegmentNode"
                      },
                      "type": "circle"
                    },
                    {
                      "height": "8",
                      "name": "rect",
                      "style": {
                        "classes": "ia_pipeMaskInvisible--rectangle"
                      },
                      "transform": "rotate(270 212.98 478.43)",
                      "type": "rect",
                      "width": "10",
                      "x": "213.98",
                      "y": "474.43"
                    },
                    {
                      "height": "8",
                      "name": "rect",
                      "style": {
                        "classes": "ia_pipeMaskInvisible--rectangle"
                      },
                      "transform": "rotate(0 212.98 478.43)",
                      "type": "rect",
                      "width": "10",
                      "x": "213.98",
                      "y": "474.43"
                    }
                  ],
                  "id": "D-0-mask-part-0_0",
                  "name": "D-0-mask-part-0_0",
                  "style": {
                    "classes": "ia_pipeIsolate"
                  },
                  "type": "group"
                },
                {
                  "elements": [
                    {
                      "cx": "413.57",
                      "cy": "433.74",
                      "fill": {
                        "paint": "rgb(0, 0, 0)"
                      },
                      "name": "circle",
                      "r": "4",
                      "stroke": {
                        "paint": "transparent"
                      },
                      "style": {
                        "classes": "ia_pipeSegmentNode"
                      },
                      "type": "circle"
                    },
                    {
                      "height": "8",
                      "name": "rect",
                      "style": {
                        "classes": "ia_pipeMaskInvisible--rectangle"
                      },
                      "transform": "rotate(270 413.57 433.74)",
                      "type": "rect",
                      "width": "10",
                      "x": "414.57",
                      "y": "429.74"
                    },
                    {
                      "height": "8",
                      "name": "rect",
                      "style": {
                        "classes": "ia_pipeMaskInvisible--rectangle"
                      },
                      "transform": "rotate(0 413.57 433.74)",
                      "type": "rect",
                      "width": "10",
                      "x": "414.57",
                      "y": "429.74"
                    }
                  ],
                  "id": "D-0-mask-part-1_0",
                  "name": "D-0-mask-part-1_0",
                  "style": {
                    "classes": "ia_pipeIsolate"
                  },
                  "type": "group"
                },
                {
                  "elements": [
                    {
                      "href": "#D-0-mask-part-background",
                      "name": "use",
                      "type": "use"
                    },
                    {
                      "href": "#D-0-mask-part-0",
                      "name": "use",
                      "type": "use"
                    },
                    {
                      "href": "#D-0-mask-part-0_0",
                      "name": "use",
                      "type": "use"
                    }
                  ],
                  "id": "D-0-mask-0_0",
                  "maskUnits": "objectBoundingBox",
                  "name": "D-0-mask-0_0",
                  "type": "mask"
                },
                {
                  "elements": [
                    {
                      "href": "#D-0-mask-part-background",
                      "name": "use",
                      "type": "use"
                    },
                    {
                      "href": "#D-0-mask-part-0_0",
                      "name": "use",
                      "type": "use"
                    },
                    {
                      "href": "#D-0-mask-part-0_0_0",
                      "name": "use",
                      "type": "use"
                    }
                  ],
                  "id": "D-0-mask-0_0_0",
                  "maskUnits": "objectBoundingBox",
                  "name": "D-0-mask-0_0_0",
                  "type": "mask"
                },
                {
                  "elements": [
                    {
                      "href": "#D-0-mask-part-background",
                      "name": "use",
                      "type": "use"
                    },
                    {
                      "href": "#D-0-mask-part-1",
                      "name": "use",
                      "type": "use"
                    },
                    {
                      "href": "#D-0-mask-part-1_0",
                      "name": "use",
                      "type": "use"
                    }
                  ],
                  "id": "D-0-mask-1_0",
                  "maskUnits": "objectBoundingBox",
                  "name": "D-0-mask-1_0",
                  "type": "mask"
                },
                {
                  "elements": [
                    {
                      "href": "#D-0-mask-part-background",
                      "name": "use",
                      "type": "use"
                    },
                    {
                      "href": "#D-0-mask-part-1_0",
                      "name": "use",
                      "type": "use"
                    },
                    {
                      "href": "#D-0-mask-part-1_0_0",
                      "name": "use",
                      "type": "use"
                    }
                  ],
                  "id": "D-0-mask-1_0_0",
                  "maskUnits": "objectBoundingBox",
                  "name": "D-0-mask-1_0_0",
                  "type": "mask"
                },
                {
                  "elements": [
                    {
                      "href": "#D-0-mask-part-background",
                      "name": "use",
                      "type": "use"
                    },
                    {
                      "href": "#D-0-mask-part-2",
                      "name": "use",
                      "type": "use"
                    },
                    {
                      "href": "#D-0-mask-part-2_0",
                      "name": "use",
                      "type": "use"
                    }
                  ],
                  "id": "D-0-mask-2_0",
                  "maskUnits": "objectBoundingBox",
                  "name": "D-0-mask-2_0",
                  "type": "mask"
                },
                {
                  "elements": [
                    {
                      "href": "#D-0-mask-part-background",
                      "name": "use",
                      "type": "use"
                    },
                    {
                      "href": "#D-0-mask-part-3",
                      "name": "use",
                      "type": "use"
                    },
                    {
                      "href": "#D-0-mask-part-3_0",
                      "name": "use",
                      "type": "use"
                    }
                  ],
                  "id": "D-0-mask-3_0",
                  "maskUnits": "objectBoundingBox",
                  "name": "D-0-mask-3_0",
                  "type": "mask"
                },
                {
                  "elements": [
                    {
                      "href": "#D-0-mask-part-background",
                      "name": "use",
                      "type": "use"
                    },
                    {
                      "href": "#D-0-mask-part-4",
                      "name": "use",
                      "type": "use"
                    },
                    {
                      "href": "#D-0-mask-part-4_0",
                      "name": "use",
                      "type": "use"
                    }
                  ],
                  "id": "D-0-mask-4_0",
                  "maskUnits": "objectBoundingBox",
                  "name": "D-0-mask-4_0",
                  "type": "mask"
                }
              ],
              "name": "defs",
              "type": "defs"
            },
            {
              "elements": [
                {
                  "elements": [
                    {
                      "fill": {
                        "paint": "rgb(107, 107, 107)"
                      },
                      "height": "10",
                      "name": "rect",
                      "style": {
                        "classes": "ia_pipeSegment"
                      },
                      "transform": "rotate(90 212.98 412.48)",
                      "type": "rect",
                      "width": "65.94999999999999",
                      "x": "212.98",
                      "y": "407.48"
                    }
                  ],
                  "mask": "url(#D-0-mask-0_0)",
                  "name": "group",
                  "style": {
                    "classes": "ia_pipeIsolate ia_pipeSegment"
                  },
                  "type": "group"
                },
                {
                  "elements": [
                    {
                      "cx": "212.98",
                      "cy": "478.43",
                      "fill": {
                        "paint": "rgb(107, 107, 107)"
                      },
                      "name": "circle",
                      "r": "4",
                      "stroke": {
                        "paint": "transparent"
                      },
                      "style": {
                        "classes": "ia_pipeSegmentNode"
                      },
                      "type": "circle"
                    },
                    {
                      "fill": {
                        "paint": "rgb(107, 107, 107)"
                      },
                      "height": "8",
                      "name": "rect",
                      "style": {
                        "classes": "ia_pipeSegment ia_pipeSegmentOverlay"
                      },
                      "transform": "rotate(270 212.98 478.43)",
                      "type": "rect",
                      "width": "32.974999999999994",
                      "x": "213.98",
                      "y": "474.43"
                    },
                    {
                      "fill": {
                        "paint": "rgb(107, 107, 107)"
                      },
                      "height": "8",
                      "name": "rect",
                      "style": {
                        "classes": "ia_pipeSegment ia_pipeSegmentOverlay"
                      },
                      "transform": "rotate(0 212.98 478.43)",
                      "type": "rect",
                      "width": "180.51999999999998",
                      "x": "213.98",
                      "y": "474.43"
                    }
                  ],
                  "name": "group",
                  "style": {
                    "classes": "ia_pipeIsolate"
                  },
                  "type": "group"
                },
                {
                  "elements": [
                    {
                      "fill": {
                        "paint": "rgb(107, 107, 107)"
                      },
                      "height": "10",
                      "name": "rect",
                      "style": {
                        "classes": "ia_pipeSegment"
                      },
                      "transform": "rotate(0 212.98 478.43)",
                      "type": "rect",
                      "width": "361.03999999999996",
                      "x": "212.98",
                      "y": "473.43"
                    },
                    {
                      "cx": "212.98",
                      "cy": "478.43",
                      "fill": {
                        "paint": "rgb(107, 107, 107)"
                      },
                      "name": "circle",
                      "r": "5",
                      "style": {
                        "classes": "ia_pipeSegmentNode"
                      },
                      "type": "circle"
                    }
                  ],
                  "mask": "url(#D-0-mask-0_0_0)",
                  "name": "group",
                  "style": {
                    "classes": "ia_pipeIsolate ia_pipeSegment"
                  },
                  "type": "group"
                }
              ],
              "fill": {
                "paint": "#6b6b6b"
              },
              "name": "group",
              "style": {
                "classes": "ia_pipe ia_pipeIsolate"
              },
              "type": "group"
            },
            {
              "elements": [
                {
                  "elements": [
                    {
                      "fill": {
                        "paint": "rgb(107, 107, 107)"
                      },
                      "height": "10",
                      "name": "rect",
                      "style": {
                        "classes": "ia_pipeSegment"
                      },
                      "transform": "rotate(90 413.57 412.48)",
                      "type": "rect",
                      "width": "21.25999999999999",
                      "x": "413.57",
                      "y": "407.48"
                    }
                  ],
                  "mask": "url(#D-0-mask-1_0)",
                  "name": "group",
                  "style": {
                    "classes": "ia_pipeIsolate ia_pipeSegment"
                  },
                  "type": "group"
                },
                {
                  "elements": [
                    {
                      "cx": "413.57",
                      "cy": "433.74",
                      "fill": {
                        "paint": "rgb(107, 107, 107)"
                      },
                      "name": "circle",
                      "r": "4",
                      "stroke": {
                        "paint": "transparent"
                      },
                      "style": {
                        "classes": "ia_pipeSegmentNode"
                      },
                      "type": "circle"
                    },
                    {
                      "fill": {
                        "paint": "rgb(107, 107, 107)"
                      },
                      "height": "8",
                      "name": "rect",
                      "style": {
                        "classes": "ia_pipeSegment ia_pipeSegmentOverlay"
                      },
                      "transform": "rotate(270 413.57 433.74)",
                      "type": "rect",
                      "width": "10.629999999999995",
                      "x": "414.57",
                      "y": "429.74"
                    },
                    {
                      "fill": {
                        "paint": "rgb(107, 107, 107)"
                      },
                      "height": "8",
                      "name": "rect",
                      "style": {
                        "classes": "ia_pipeSegment ia_pipeSegmentOverlay"
                      },
                      "transform": "rotate(0 413.57 433.74)",
                      "type": "rect",
                      "width": "79.23499999999999",
                      "x": "414.57",
                      "y": "429.74"
                    }
                  ],
                  "name": "group",
                  "style": {
                    "classes": "ia_pipeIsolate"
                  },
                  "type": "group"
                },
                {
                  "elements": [
                    {
                      "fill": {
                        "paint": "rgb(107, 107, 107)"
                      },
                      "height": "10",
                      "name": "rect",
                      "style": {
                        "classes": "ia_pipeSegment"
                      },
                      "transform": "rotate(0 413.57 433.74)",
                      "type": "rect",
                      "width": "158.46999999999997",
                      "x": "413.57",
                      "y": "428.74"
                    },
                    {
                      "cx": "413.57",
                      "cy": "433.74",
                      "fill": {
                        "paint": "rgb(107, 107, 107)"
                      },
                      "name": "circle",
                      "r": "5",
                      "style": {
                        "classes": "ia_pipeSegmentNode"
                      },
                      "type": "circle"
                    }
                  ],
                  "mask": "url(#D-0-mask-1_0_0)",
                  "name": "group",
                  "style": {
                    "classes": "ia_pipeIsolate ia_pipeSegment"
                  },
                  "type": "group"
                }
              ],
              "fill": {
                "paint": "#6b6b6b"
              },
              "name": "group",
              "style": {
                "classes": "ia_pipe ia_pipeIsolate"
              },
              "type": "group"
            },
            {
              "elements": [
                {
                  "elements": [
                    {
                      "fill": {
                        "paint": "rgb(107, 107, 107)"
                      },
                      "height": "10",
                      "name": "rect",
                      "style": {
                        "classes": "ia_pipeSegment"
                      },
                      "transform": "rotate(180 748.97 456.96)",
                      "type": "rect",
                      "width": "129.97000000000003",
                      "x": "748.97",
                      "y": "451.96"
                    }
                  ],
                  "mask": "url(#D-0-mask-2_0)",
                  "name": "group",
                  "style": {
                    "classes": "ia_pipeIsolate ia_pipeSegment"
                  },
                  "type": "group"
                }
              ],
              "fill": {
                "paint": "#6b6b6b"
              },
              "name": "group",
              "style": {
                "classes": "ia_pipe ia_pipeIsolate"
              },
              "type": "group"
            },
            {
              "elements": [
                {
                  "elements": [
                    {
                      "fill": {
                        "paint": "rgb(107, 107, 107)"
                      },
                      "height": "25",
                      "name": "rect",
                      "style": {
                        "classes": "ia_pipeSegment"
                      },
                      "transform": "rotate(90 791.96 538.8)",
                      "type": "rect",
                      "width": "28.280000000000086",
                      "x": "791.96",
                      "y": "526.3"
                    }
                  ],
                  "mask": "url(#D-0-mask-3_0)",
                  "name": "group",
                  "style": {
                    "classes": "ia_pipeIsolate ia_pipeSegment"
                  },
                  "type": "group"
                }
              ],
              "fill": {
                "paint": "#6b6b6b"
              },
              "name": "group",
              "style": {
                "classes": "ia_pipe ia_pipeIsolate"
              },
              "type": "group"
            },
            {
              "elements": [
                {
                  "elements": [
                    {
                      "fill": {
                        "paint": "rgb(107, 107, 107)"
                      },
                      "height": "10",
                      "name": "rect",
                      "style": {
                        "classes": "ia_pipeSegment"
                      },
                      "transform": "rotate(180 1008.41 396.39)",
                      "type": "rect",
                      "width": "173.94999999999993",
                      "x": "1008.41",
                      "y": "391.39"
                    }
                  ],
                  "mask": "url(#D-0-mask-4_0)",
                  "name": "group",
                  "style": {
                    "classes": "ia_pipeIsolate ia_pipeSegment"
                  },
                  "type": "group"
                }
              ],
              "fill": {
                "paint": "#6B6B6B"
              },
              "name": "group",
              "style": {
                "classes": "ia_pipe ia_pipeIsolate"
              },
              "type": "group"
            },
            {
              "name": "group",
              "style": {
                "classes": "ia_pipe ia_pipeIsolate"
              },
              "type": "group"
            }
          ],
          "style": {
            "classes": "ia_piping"
          },
          "viewBox": "199.97999572753906 383.3900146484375 816.4299926757812 191.69000244140625"
        },
        "type": "ia.shapes.svg"
      },
      {
        "meta": {
          "name": "mixer"
        },
        "position": {
          "height": 260.99,
          "width": 211.99,
          "x": 687.51,
          "y": 694.11
        },
        "props": {
          "elements": [
            {
              "id": "defs1",
              "name": "defs1",
              "type": "defs"
            },
            {
              "elements": [
                {
                  "d": "M 9.6054688,73.769531 V 191.33984 H 109.30859 209.01172 V 73.769531 h -52.99219 v 29.392579 45.77539 l -46.71094,3.39258 -46.710934,-3.39258 V 103.16211 73.769531 Z",
                  "fill": {
                    "paint": "#323232"
                  },
                  "id": "rect1",
                  "name": "rect1",
                  "stroke": {
                    "paint": "#bdbdbd",
                    "width": "2"
                  },
                  "transform": "matrix(1.0003898,0,0,0.92871876,-0.03985585,13.675054)",
                  "type": "path"
                },
                {
                  "d": "M 50.359375,44.595703 V 154.04492 h 52.968755 52.96874 V 44.595703 h -52.96874 z m 13.337891,13.623047 39.630864,0.05859 39.63085,-0.05859 v 27.419922 13.68164 13.681638 27.1211 l -39.63085,0.24023 -39.630864,-0.24023 v -27.1211 -13.681638 -13.68164 z",
                  "fill": {
                    "paint": "#323232"
                  },
                  "id": "path3",
                  "name": "path3",
                  "stroke": {
                    "paint": "#bdbdbd",
                    "width": "2.05331"
                  },
                  "transform": "matrix(1.0008887,0,0,0.9096231,-0.09183189,17.429042)",
                  "type": "path"
                },
                {
                  "d": "m 50.309163,155.74385 v 35.73222",
                  "fill": {
                    "paint": "#323232"
                  },
                  "id": "path5",
                  "name": "path5",
                  "stroke": {
                    "paint": "#bdbdbd",
                    "width": "2.10442"
                  },
                  "type": "path"
                },
                {
                  "d": "m 156.3052,155.74385 v 35.73222",
                  "fill": {
                    "paint": "#323232"
                  },
                  "id": "path6",
                  "name": "path6",
                  "stroke": {
                    "paint": "#bdbdbd",
                    "width": "2.10442"
                  },
                  "type": "path"
                },
                {
                  "fill": {
                    "paint": "#323232"
                  },
                  "height": "11.114481",
                  "id": "rect6",
                  "name": "rect6",
                  "stroke": {
                    "paint": "#bdbdbd",
                    "width": "1.75282"
                  },
                  "type": "rect",
                  "width": "32.034046",
                  "x": "87.629921",
                  "y": "46.877518"
                }
              ],
              "id": "layer1",
              "name": "layer1",
              "type": "group"
            }
          ],
          "viewBox": "0 0 210 297"
        },
        "type": "ia.shapes.svg"
      },
      {
        "meta": {
          "name": "Progress_1"
        },
        "position": {
          "height": 71,
          "rotate": {
            "angle": -90
          },
          "width": 56.99,
          "x": 763.71,
          "y": 588.54
        },
        "propConfig": {
          "props.value": {
            "binding": {
              "config": {
                "fallbackDelay": 2.5,
                "mode": "direct",
                "tagPath": "[default]hopper_weight"
              },
              "type": "tag"
            }
          }
        },
        "props": {
          "bar": {
            "color": "#B7916A"
          },
          "max": 40,
          "valueDisplay": {
            "key": "value"
          }
        },
        "type": "ia.display.progress"
      },
      {
        "meta": {
          "name": "Progress"
        },
        "position": {
          "height": 124.04,
          "rotate": {
            "angle": -90
          },
          "width": 142.98,
          "x": 141.49,
          "y": 173.48
        },
        "propConfig": {
          "props.value": {
            "binding": {
              "config": {
                "fallbackDelay": 2.5,
                "mode": "direct",
                "tagPath": "[default]flour_weight"
              },
              "type": "tag"
            }
          }
        },
        "props": {
          "bar": {
            "color": "#FEF5D7"
          },
          "max": 1000,
          "valueDisplay": {
            "justify": "right",
            "key": "value"
          }
        },
        "type": "ia.display.progress"
      },
      {
        "meta": {
          "name": "Progress_0"
        },
        "position": {
          "height": 124.04,
          "rotate": {
            "angle": -90
          },
          "width": 141,
          "x": 343.45,
          "y": 173.48
        },
        "propConfig": {
          "props.value": {
            "binding": {
              "config": {
                "fallbackDelay": 2.5,
                "mode": "direct",
                "tagPath": "[default]sugar_weight"
              },
              "type": "tag"
            }
          }
        },
        "props": {
          "bar": {
            "color": "#F4F4DE"
          },
          "max": 1000,
          "valueDisplay": {
            "key": "value"
          }
        },
        "type": "ia.display.progress"
      },
      {
        "meta": {
          "name": "bitmap_0"
        },
        "position": {
          "height": 300,
          "width": 299.96,
          "x": 264.03,
          "y": 114.96
        },
        "props": {
          "elements": [
            {
              "id": "defs1",
              "name": "defs1",
              "type": "defs"
            },
            {
              "elements": [
                {
                  "d": "M 121.50977,-29.707031 C 68.416599,-28.076011 68.818359,-7.2988281 68.818359,-7.2988281 V 110.85352 l 39.947271,38.4746 h 12.74414 12.74414 l 39.94726,-38.4746 V -7.2988281 c 0,0 0.40176,-20.7771829 -52.6914,-22.4082029 z m -9.54297,34.1015622 9.54297,0.033203 9.54296,-0.033203 v 54.1171878 12.835937 12.449219 12.449219 6.900386 l -9.54296,0.15235 -9.54297,-0.15235 V 96.246094 83.796875 71.347656 58.511719 Z",
                  "fill": {
                    "opacity": "1",
                    "paint": "#323232"
                  },
                  "id": "rect16",
                  "name": "rect16",
                  "stroke": {
                    "dasharray": "none",
                    "opacity": 1,
                    "paint": "#bdbdbd",
                    "width": "1.375"
                  },
                  "style": {
                    "paintOrder": "fill markers stroke"
                  },
                  "type": "path"
                },
                {
                  "fill": {
                    "opacity": "1",
                    "paint": "#bdbdbd"
                  },
                  "height": "1.3898637",
                  "id": "rect24",
                  "name": "rect24",
                  "stroke": {
                    "dasharray": "none",
                    "opacity": "0",
                    "paint": "#bdbdbd",
                    "width": 0.650945
                  },
                  "style": {
                    "paintOrder": "fill markers stroke"
                  },
                  "type": "rect",
                  "width": "105.03407",
                  "x": "69.100441",
                  "y": "-6.3439007"
                },
                {
                  "fill": {
                    "opacity": "1",
                    "paint": "#bdbdbd"
                  },
                  "height": "1.6145906",
                  "id": "rect24-8",
                  "name": "rect24-8",
                  "stroke": {
                    "dasharray": "none",
                    "opacity": 0,
                    "paint": "#bdbdbd",
                    "width": "0.648156"
                  },
                  "style": {
                    "paintOrder": "fill markers stroke"
                  },
                  "type": "rect",
                  "width": "103.03945",
                  "x": "70.10862",
                  "y": "110.97453"
                }
              ],
              "id": "layer1",
              "name": "layer1",
              "transform": "translate(-68.130859,30.394856)",
              "type": "group"
            }
          ],
          "viewBox": "0 0 106.75781 210.63913"
        },
        "type": "ia.shapes.svg"
      },
      {
        "meta": {
          "name": "DV"
        },
        "position": {
          "height": 98.97,
          "width": 69.01,
          "x": 549.99,
          "y": 405.98
        },
        "props": {
          "elements": [
            {
              "id": "defs1",
              "name": "defs1",
              "type": "defs"
            },
            {
              "elements": [
                {
                  "d": "M 56.822266,20.599609 56.710937,52.123047 96.796875,74.152344 118.60156,86.003906 96.380859,97.054687 55.519531,117.61133 54.482422,149.11719 149.25,100.89844 l 0.59961,-14.326174 -0.0762,-14.335938 z",
                  "fill": {
                    "paint": "#323232"
                  },
                  "id": "rect1",
                  "name": "rect1",
                  "stroke": {
                    "opacity": "1",
                    "paint": "#bdbdbd",
                    "width": 4
                  },
                  "style": {
                    "paintOrder": "fill markers stroke"
                  },
                  "type": "path"
                }
              ],
              "id": "layer1",
              "name": "layer1",
              "transform": "translate(-11.101067,-5.8277727)",
              "type": "group"
            },
            {
              "d": "M 135.75715,60.984686 V 99.74511 h 7.63881 V 60.984686 Z",
              "fill": {
                "paint": "#323232"
              },
              "id": "path1",
              "name": "path1",
              "stroke": {
                "paint": "#bdbdbd",
                "width": 4
              },
              "style": {
                "paintOrder": "fill markers stroke"
              },
              "type": "path"
            },
            {
              "fill": {
                "paint": "#323232"
              },
              "height": "38.413994",
              "id": "rect2-1",
              "name": "rect2-1",
              "stroke": {
                "opacity": 1,
                "paint": "#bdbdbd",
                "width": 4
              },
              "style": {
                "paintOrder": "fill markers stroke"
              },
              "transform": "rotate(0.73792402)",
              "type": "rect",
              "width": "7.6294222",
              "x": "40.375942",
              "y": "12.404322"
            },
            {
              "fill": {
                "paint": "#323232"
              },
              "height": "72.181549",
              "id": "rect2-1-7",
              "name": "rect2-1-7",
              "stroke": {
                "dasharray": "none",
                "opacity": 1,
                "paint": "#bdbdbd",
                "width": 4
              },
              "style": {
                "paintOrder": "fill markers stroke"
              },
              "transform": "matrix(0.99995768,-0.00920044,-0.00140829,0.99999901,0,0)",
              "type": "rect",
              "width": "15.810036",
              "x": "16.230227",
              "y": "78.178062"
            },
            {
              "fill": {
                "paint": "#323232"
              },
              "height": "72.181549",
              "id": "rect2-1-7-2",
              "name": "rect2-1-7-2",
              "stroke": {
                "dasharray": "none",
                "opacity": "1",
                "paint": "#bdbdbd",
                "width": 4
              },
              "style": {
                "paintOrder": "fill markers stroke"
              },
              "transform": "matrix(0.99995768,-0.00920044,-0.00140829,0.99999901,0,0)",
              "type": "rect",
              "width": "15.810036",
              "x": "16.276358",
              "y": "6.7503285"
            },
            {
              "fill": {
                "paint": "#323232"
              },
              "height": "7.3819523",
              "id": "rect2-1-7-2-7-9",
              "name": "rect2-1-7-2-7-9",
              "stroke": {
                "dasharray": "none",
                "opacity": "1",
                "paint": "#bdbdbd",
                "width": 4
              },
              "style": {
                "paintOrder": "fill markers stroke"
              },
              "transform": "matrix(0.99999994,-3.4144277e-4,-0.03792173,0.99928071,0,0)",
              "type": "rect",
              "width": "43.536777",
              "x": "6.3589473",
              "y": "149.96312"
            },
            {
              "fill": {
                "paint": "#323232"
              },
              "height": "38.413994",
              "id": "rect2-1-8",
              "name": "rect2-1-8",
              "stroke": {
                "opacity": "1",
                "paint": "#bdbdbd",
                "width": 4
              },
              "style": {
                "paintOrder": "fill markers stroke"
              },
              "transform": "rotate(0.73792402)",
              "type": "rect",
              "width": "7.6294222",
              "x": "41.192101",
              "y": "105.88087"
            },
            {
              "fill": {
                "paint": "#323232"
              },
              "height": "7.3819523",
              "id": "rect2",
              "name": "rect2",
              "stroke": {
                "dasharray": "none",
                "opacity": "1",
                "paint": "#bdbdbd",
                "width": 4
              },
              "style": {
                "paintOrder": "fill markers stroke"
              },
              "transform": "matrix(0.99999994,-3.4144277e-4,-0.03792173,0.99928071,0,0)",
              "type": "rect",
              "width": "43.536777",
              "x": "0.68699116",
              "y": "0.39306137"
            }
          ],
          "viewBox": "0 0 144.10639 157.60741"
        },
        "type": "ia.shapes.svg"
      },
      {
        "meta": {
          "name": "bitmap_1"
        },
        "position": {
          "height": 300,
          "width": 299.96,
          "x": 62.94,
          "y": 114.96
        },
        "props": {
          "elements": [
            {
              "id": "defs1",
              "name": "defs1",
              "type": "defs"
            },
            {
              "elements": [
                {
                  "d": "M 121.50977,-29.707031 C 68.416599,-28.076011 68.818359,-7.2988281 68.818359,-7.2988281 V 110.85352 l 39.947271,38.4746 h 12.74414 12.74414 l 39.94726,-38.4746 V -7.2988281 c 0,0 0.40176,-20.7771829 -52.6914,-22.4082029 z m -9.54297,34.1015622 9.54297,0.033203 9.54296,-0.033203 v 54.1171878 12.835937 12.449219 12.449219 6.900386 l -9.54296,0.15235 -9.54297,-0.15235 V 96.246094 83.796875 71.347656 58.511719 Z",
                  "fill": {
                    "opacity": "1",
                    "paint": "#323232"
                  },
                  "id": "rect16",
                  "name": "rect16",
                  "stroke": {
                    "dasharray": "none",
                    "opacity": 1,
                    "paint": "#bdbdbd",
                    "width": "1.375"
                  },
                  "style": {
                    "paintOrder": "fill markers stroke"
                  },
                  "type": "path"
                },
                {
                  "fill": {
                    "opacity": "1",
                    "paint": "#bdbdbd"
                  },
                  "height": "1.3898637",
                  "id": "rect24",
                  "name": "rect24",
                  "stroke": {
                    "dasharray": "none",
                    "opacity": "0",
                    "paint": "#bdbdbd",
                    "width": 0.650945
                  },
                  "style": {
                    "paintOrder": "fill markers stroke"
                  },
                  "type": "rect",
                  "width": "105.03407",
                  "x": "69.100441",
                  "y": "-6.3439007"
                },
                {
                  "fill": {
                    "opacity": "1",
                    "paint": "#bdbdbd"
                  },
                  "height": "1.6145906",
                  "id": "rect24-8",
                  "name": "rect24-8",
                  "stroke": {
                    "dasharray": "none",
                    "opacity": 0,
                    "paint": "#bdbdbd",
                    "width": "0.648156"
                  },
                  "style": {
                    "paintOrder": "fill markers stroke"
                  },
                  "type": "rect",
                  "width": "103.03945",
                  "x": "70.10862",
                  "y": "110.97453"
                }
              ],
              "id": "layer1",
              "name": "layer1",
              "transform": "translate(-68.130859,30.394856)",
              "type": "group"
            }
          ],
          "viewBox": "0 0 106.75781 210.63913"
        },
        "type": "ia.shapes.svg"
      },
      {
        "events": {
          "dom": {
            "onClick": {
              "config": {
                "script": "\tsystem.tag.writeAsync(\n\t\t[\"[default]vacuum\"],\n\t\tnot system.tag.readBlocking([\"[default]vacuum\"])[0].value\n\t\t)"
              },
              "scope": "G",
              "type": "script"
            }
          }
        },
        "meta": {
          "name": "Pump"
        },
        "position": {
          "height": 75.03,
          "width": 64.06,
          "x": 999.24,
          "y": 381.32
        },
        "propConfig": {
          "props.state": {
            "binding": {
              "config": {
                "fallbackDelay": 2.5,
                "mode": "direct",
                "tagPath": "[default]vacuum"
              },
              "transforms": [
                {
                  "fallback": "default",
                  "inputType": "scalar",
                  "mappings": [
                    {
                      "input": true,
                      "output": "running"
                    },
                    {
                      "input": false,
                      "output": "stopped"
                    }
                  ],
                  "outputType": "scalar",
                  "type": "map"
                }
              ],
              "type": "tag"
            }
          }
        },
        "props": {
          "appearance": "mimic",
          "label": {
            "location": "hidden"
          },
          "orientation": "left",
          "value": {
            "location": "hidden"
          },
          "variant": "vacuum"
        },
        "type": "ia.symbol.pump"
      },
      {
        "meta": {
          "contextMenu": {
            "style": {
              "classes": "spin"
            }
          },
          "name": "Icon"
        },
        "position": {
          "height": 53.97,
          "rotate": {
            "angle": 0
          },
          "width": 58.98,
          "x": 761.85,
          "y": 760.78
        },
        "propConfig": {
          "props.style.animationDuration": {
            "binding": {
              "config": {
                "expression": "round(3.0 - (( {[default]mixer_rpm} - 20 ) / 60.0 ) * (3.0 - 1.0), 2) + \"s\"\r\n"
              },
              "type": "expr"
            }
          },
          "props.style.classes": {
            "binding": {
              "config": {
                "fallbackDelay": 2.5,
                "mode": "direct",
                "tagPath": "[default]mixer"
              },
              "transforms": [
                {
                  "fallback": null,
                  "inputType": "scalar",
                  "mappings": [
                    {
                      "input": true,
                      "output": "spin"
                    },
                    {
                      "input": false,
                      "output": null
                    }
                  ],
                  "outputType": "scalar",
                  "type": "map"
                }
              ],
              "type": "tag"
            }
          }
        },
        "props": {
          "color": "#bdbdbd",
          "path": "material/toys"
        },
        "type": "ia.display.icon"
      },
      {
        "meta": {
          "name": "Label"
        },
        "position": {
          "height": 31.99,
          "width": 50.05,
          "x": 188.909,
          "y": 80.9388
        },
        "props": {
          "text": "FLOUR"
        },
        "type": "ia.display.label"
      },
      {
        "meta": {
          "name": "Label_0"
        },
        "position": {
          "height": 31.99,
          "width": 50.05,
          "x": 389.598,
          "y": 78.89189999999999
        },
        "props": {
          "text": "SUGAR"
        },
        "type": "ia.display.label"
      },
      {
        "meta": {
          "name": "Label_1"
        },
        "position": {
          "height": 49.02,
          "rotate": {
            "anchor": "61% 25%"
          },
          "width": 149.05,
          "x": 509.953,
          "y": 318.557125
        },
        "props": {
          "text": "DIVERTER VALVE"
        },
        "type": "ia.display.label"
      },
      {
        "meta": {
          "name": "Label_2"
        },
        "position": {
          "height": 49.02,
          "width": 149.05,
          "x": 864.93,
          "y": 553.87
        },
        "props": {
          "text": "HOPPER"
        },
        "type": "ia.display.label"
      },
      {
        "meta": {
          "name": "Label_3"
        },
        "position": {
          "height": 49.02,
          "width": 149.05,
          "x": 769.04,
          "y": 851.7
        },
        "props": {
          "text": "MIXER"
        },
        "type": "ia.display.label"
      },
      {
        "meta": {
          "name": "Label_4"
        },
        "position": {
          "height": 49.02,
          "width": 135,
          "x": 1074.93,
          "y": 352.349
        },
        "props": {
          "style": {
            "textAlignLast": "center"
          },
          "text": "VACUUM"
        },
        "type": "ia.display.label"
      },
      {
        "events": {
          "dom": {
            "onClick": {
              "config": {
                "script": "\tsystem.tag.writeAsync(\n\t\t[\"[default]vacuum_manual\"],\n\t\tnot system.tag.readBlocking([\"[default]vacuum_manual\"])[0].value\n\t\t)"
              },
              "scope": "G",
              "type": "script"
            }
          }
        },
        "meta": {
          "name": "Button"
        },
        "position": {
          "height": 34,
          "width": 133,
          "x": 1075,
          "y": 401.2
        },
        "propConfig": {
          "props.style.backgroundColor": {
            "binding": {
              "config": {
                "fallbackDelay": 2.5,
                "mode": "direct",
                "tagPath": "[default]vacuum_manual"
              },
              "transforms": [
                {
                  "fallback": null,
                  "inputType": "scalar",
                  "mappings": [
                    {
                      "input": false,
                      "output": "#CD261E"
                    },
                    {
                      "input": true,
                      "output": "#1ECD418A"
                    }
                  ],
                  "outputType": "scalar",
                  "type": "map"
                }
              ],
              "type": "tag"
            }
          }
        },
        "props": {
          "style": {
            "borderStyle": "solid",
            "borderWidth": 0.5,
            "color": "#FFFFFF",
            "outlineColor": "#FFFFFF",
            "outlineStyle": "solid",
            "outlineWidth": "0.5"
          },
          "text": "Manual"
        },
        "type": "ia.input.button"
      },
      {
        "meta": {
          "name": "pfr"
        },
        "position": {
          "height": 205.98,
          "width": 110.02,
          "x": 736.95,
          "y": 342.83
        },
        "props": {
          "elements": [
            {
              "id": "defs1",
              "name": "defs1",
              "type": "defs"
            },
            {
              "elements": [
                {
                  "d": "M 100.66406,17.673828 C 56.677208,17.271627 58.017578,34.195312 58.017578,34.195312 V 147.71094 l 19.978516,37.16211 -2.689453,1.86718 v 34.91016 h 25.357419 25.35938 v -34.91016 l -2.68946,-1.86718 19.97852,-37.16211 V 34.195312 c 0,10e-7 1.33842,-16.923685 -42.64844,-16.521484 z",
                  "fill": {
                    "opacity": "1",
                    "paint": "#323232"
                  },
                  "id": "rect1",
                  "name": "rect1",
                  "stroke": {
                    "dasharray": "none",
                    "opacity": "1",
                    "paint": "#bdbdbd",
                    "width": "2"
                  },
                  "style": {
                    "opacity": "1"
                  },
                  "type": "path"
                },
                {
                  "cx": "72.809181",
                  "cy": "1.9210867",
                  "fill": {
                    "opacity": "1",
                    "paint": "#323232"
                  },
                  "id": "path1",
                  "name": "path1",
                  "rx": "14.40815",
                  "ry": "13.831823",
                  "stroke": {
                    "dasharray": "none",
                    "opacity": "1",
                    "paint": "#bdbdbd",
                    "width": "2"
                  },
                  "style": {
                    "opacity": "1"
                  },
                  "type": "ellipse"
                },
                {
                  "d": "M 63.780077,12.634557 V 25.067353",
                  "fill": {
                    "paint": "#ffffff"
                  },
                  "id": "path2",
                  "name": "path2",
                  "stroke": {
                    "dasharray": "none",
                    "opacity": "1",
                    "paint": "#bdbdbd",
                    "width": "2"
                  },
                  "style": {
                    "opacity": "1"
                  },
                  "type": "path"
                },
                {
                  "d": "m 81.786626,12.922738 v 6.387856",
                  "fill": {
                    "paint": "#ffffff"
                  },
                  "id": "path2-1",
                  "name": "path2-1",
                  "stroke": {
                    "dasharray": "none",
                    "opacity": "1",
                    "paint": "#bdbdbd",
                    "width": "2"
                  },
                  "type": "path"
                },
                {
                  "fill": {
                    "opacity": "1",
                    "paint": "#323232"
                  },
                  "height": "18.554407",
                  "id": "rect2",
                  "name": "rect2",
                  "stroke": {
                    "dasharray": "none",
                    "opacity": "1",
                    "paint": "#bdbdbd",
                    "width": "2"
                  },
                  "style": {
                    "opacity": "1"
                  },
                  "type": "rect",
                  "width": "10.132242",
                  "x": "47.776157",
                  "y": "108.90475"
                },
                {
                  "fill": {
                    "opacity": "1",
                    "paint": "#323232"
                  },
                  "height": "18.554407",
                  "id": "rect2-2",
                  "name": "rect2-2",
                  "stroke": {
                    "dasharray": "none",
                    "opacity": "1",
                    "paint": "#bdbdbd",
                    "width": "2"
                  },
                  "type": "rect",
                  "width": "10.132242",
                  "x": "143.1794",
                  "y": "37.869713"
                },
                {
                  "d": "m 77.08996,185.55927 h 47.20486",
                  "fill": {
                    "paint": "#ffffff"
                  },
                  "id": "path3",
                  "name": "path3",
                  "stroke": {
                    "dasharray": "none",
                    "opacity": "1",
                    "paint": "#bdbdbd",
                    "width": "2"
                  },
                  "style": {
                    "opacity": "1"
                  },
                  "type": "path"
                },
                {
                  "d": "M 58.445569,104.31114 H 143.11162",
                  "fill": {
                    "paint": "#ffffff"
                  },
                  "id": "path3-2",
                  "name": "path3-2",
                  "stroke": {
                    "dasharray": "none",
                    "opacity": "1",
                    "paint": "#bdbdbd",
                    "width": "2"
                  },
                  "type": "path"
                },
                {
                  "d": "M 57.863317,146.97301 H 142.52937",
                  "fill": {
                    "paint": "#ffffff"
                  },
                  "id": "path3-2-1",
                  "name": "path3-2-1",
                  "stroke": {
                    "dasharray": "none",
                    "opacity": "1",
                    "paint": "#bdbdbd",
                    "width": "2"
                  },
                  "type": "path"
                },
                {
                  "d": "m 58.41983,32.962746 h 84.66605",
                  "fill": {
                    "paint": "#ffffff"
                  },
                  "id": "path3-2-6",
                  "name": "path3-2-6",
                  "stroke": {
                    "dasharray": "none",
                    "opacity": "1",
                    "paint": "#bdbdbd",
                    "width": "2"
                  },
                  "type": "path"
                }
              ],
              "id": "layer1",
              "name": "layer1",
              "transform": "translate(-45.776157,13.910737)",
              "type": "group"
            }
          ],
          "viewBox": "0 0 109.53547 237.56113"
        },
        "type": "ia.shapes.svg"
      },
      {
        "events": {
          "dom": {
            "onClick": {
              "config": {
                "script": "\tsystem.tag.writeAsync(\n\t\t[\"[default]rv_1\"],\n\t\tnot system.tag.readBlocking([\"[default]rv_1\"])[0].value\n\t\t)"
              },
              "scope": "G",
              "type": "script"
            }
          }
        },
        "meta": {
          "name": "Valve"
        },
        "position": {
          "height": 75.95,
          "width": 55.01,
          "x": 199.97,
          "y": 353.97
        },
        "propConfig": {
          "props.state": {
            "binding": {
              "config": {
                "fallbackDelay": 2.5,
                "mode": "direct",
                "tagPath": "[default]rv_1"
              },
              "transforms": [
                {
                  "fallback": "",
                  "inputType": "scalar",
                  "mappings": [
                    {
                      "input": true,
                      "output": "open"
                    },
                    {
                      "input": false,
                      "output": "closed"
                    }
                  ],
                  "outputType": "scalar",
                  "type": "map"
                }
              ],
              "type": "tag"
            }
          }
        },
        "props": {
          "label": {
            "text": ""
          },
          "value": {
            "location": "right",
            "text": ""
          },
          "valve": "right"
        },
        "type": "ia.symbol.valve"
      },
      {
        "events": {
          "dom": {
            "onClick": {
              "config": {
                "script": "\tsystem.tag.writeAsync(\n\t\t[\"[default]rv_2\"],\n\t\tnot system.tag.readBlocking([\"[default]rv_2\"])[0].value\n\t\t)"
              },
              "scope": "G",
              "type": "script"
            }
          }
        },
        "meta": {
          "name": "Valve_0"
        },
        "position": {
          "height": 75.95,
          "width": 55.01,
          "x": 401.06,
          "y": 353.97
        },
        "propConfig": {
          "props.state": {
            "binding": {
              "config": {
                "fallbackDelay": 2.5,
                "mode": "direct",
                "tagPath": "[default]rv_2"
              },
              "transforms": [
                {
                  "fallback": "",
                  "inputType": "scalar",
                  "mappings": [
                    {
                      "input": true,
                      "output": "open"
                    },
                    {
                      "input": false,
                      "output": "closed"
                    }
                  ],
                  "outputType": "scalar",
                  "type": "map"
                }
              ],
              "type": "tag"
            }
          }
        },
        "props": {
          "label": {
            "text": ""
          },
          "value": {
            "location": "right",
            "text": ""
          },
          "valve": "right"
        },
        "type": "ia.symbol.valve"
      },
      {
        "meta": {
          "name": "hopper"
        },
        "position": {
          "height": 182.04,
          "width": 136.04,
          "x": 723.94,
          "y": 534.98
        },
        "props": {
          "elements": [
            {
              "id": "defs1",
              "name": "defs1",
              "type": "defs"
            },
            {
              "elements": [
                {
                  "d": "m 32.658203,46.875 v 72.80859 l 34.964844,58.20899 h 43.416013 43.41797 l 34.96289,-58.20899 V 46.875 h -78.38086 z m 78.380857,30.466797 14.2168,0.173828 v 26.078125 22.62109 15.32032 l -14.2168,-0.12305 -14.214841,0.12305 V 126.21484 103.59375 77.515625 Z",
                  "fill": {
                    "paint": "#323232"
                  },
                  "id": "rect1",
                  "name": "rect1",
                  "stroke": {
                    "paint": "#bdbdbd",
                    "width": 3
                  },
                  "type": "path"
                },
                {
                  "fill": {
                    "paint": "#323232"
                  },
                  "height": "13.831823",
                  "id": "rect2",
                  "name": "rect2",
                  "stroke": {
                    "paint": "#bdbdbd",
                    "width": 3
                  },
                  "type": "rect",
                  "width": "59.553688",
                  "x": "81.454071",
                  "y": "33.042686"
                },
                {
                  "fill": {
                    "paint": "#323232"
                  },
                  "height": "13.366741",
                  "id": "rect2-9",
                  "name": "rect2-9",
                  "stroke": {
                    "paint": "#bdbdbd",
                    "width": 3
                  },
                  "type": "rect",
                  "width": "30.56378",
                  "x": "95.634033",
                  "y": "177.58524"
                },
                {
                  "d": "m 32.728109,118.99701 h 63.719243 m 0,0 v 0",
                  "fill": {
                    "paint": "#323232"
                  },
                  "id": "path2",
                  "name": "path2",
                  "stroke": {
                    "paint": "#bdbdbd",
                    "width": "2.01525"
                  },
                  "transform": "translate(0,1.152652)",
                  "type": "path"
                },
                {
                  "d": "m 32.728109,118.99701 h 63.719243 m 0,0 v 0",
                  "fill": {
                    "paint": "#323232"
                  },
                  "id": "path2-3",
                  "name": "path2-3",
                  "stroke": {
                    "paint": "#bdbdbd",
                    "width": "2.01525"
                  },
                  "transform": "translate(92.584739,0.80852667)",
                  "type": "path"
                }
              ],
              "id": "layer1",
              "name": "layer1",
              "transform": "translate(-31.658203,-32.042686)",
              "type": "group"
            }
          ],
          "viewBox": "0 0 158.76172 159.88521"
        },
        "type": "ia.shapes.svg"
      },
      {
        "meta": {
          "name": "TextField"
        },
        "position": {
          "height": 32,
          "width": 86,
          "x": 1122,
          "y": 444.62
        },
        "propConfig": {
          "props.enabled": {
            "binding": {
              "config": {
                "fallbackDelay": 2.5,
                "mode": "direct",
                "tagPath": "[default]vacuum_manual"
              },
              "type": "tag"
            }
          },
          "props.style.backgroundColor": {
            "binding": {
              "config": {
                "fallbackDelay": 2.5,
                "mode": "direct",
                "tagPath": "[default]vacuum_manual"
              },
              "transforms": [
                {
                  "fallback": "#444444",
                  "inputType": "scalar",
                  "mappings": [
                    {
                      "input": true,
                      "output": "#000000"
                    },
                    {
                      "input": false,
                      "output": "#444444"
                    }
                  ],
                  "outputType": "scalar",
                  "type": "map"
                }
              ],
              "type": "tag"
            }
          },
          "props.text": {
            "binding": {
              "config": {
                "bidirectional": true,
                "fallbackDelay": 2.5,
                "mode": "direct",
                "tagPath": "[default]vacuum_rpm"
              },
              "type": "tag"
            }
          }
        },
        "props": {
          "spellcheck": false
        },
        "type": "ia.input.text-field"
      },
      {
        "meta": {
          "name": "Label_8"
        },
        "position": {
          "height": 49.02,
          "width": 43,
          "x": 1076.93,
          "y": 436.29
        },
        "props": {
          "text": "RPM:"
        },
        "type": "ia.display.label"
      },
      {
        "meta": {
          "name": "Label_6"
        },
        "position": {
          "height": 31.99,
          "width": 50.05,
          "x": 188.46775,
          "y": 323.361375
        },
        "propConfig": {
          "props.text": {
            "binding": {
              "config": {
                "fallbackDelay": 2.5,
                "mode": "direct",
                "tagPath": "[default]flour_weight"
              },
              "transforms": [
                {
                  "formatType": "numeric",
                  "formatValue": "##.##",
                  "type": "format"
                }
              ],
              "type": "tag"
            }
          }
        },
        "props": {
          "textStyle": {
            "textAlignLast": "center"
          }
        },
        "type": "ia.display.label"
      },
      {
        "meta": {
          "name": "Label_5"
        },
        "position": {
          "height": 31.99,
          "width": 50.05,
          "x": 388.532,
          "y": 324.89
        },
        "propConfig": {
          "props.text": {
            "binding": {
              "config": {
                "fallbackDelay": 2.5,
                "mode": "direct",
                "tagPath": "[default]sugar_weight"
              },
              "transforms": [
                {
                  "formatType": "numeric",
                  "formatValue": "##.##",
                  "type": "format"
                }
              ],
              "type": "tag"
            }
          }
        },
        "props": {
          "textStyle": {
            "textAlignLast": "center"
          }
        },
        "type": "ia.display.label"
      },
      {
        "meta": {
          "name": "Label_7"
        },
        "position": {
          "height": 31.99,
          "width": 58,
          "x": 763.592,
          "y": 649.941
        },
        "propConfig": {
          "props.text": {
            "binding": {
              "config": {
                "fallbackDelay": 2.5,
                "mode": "direct",
                "tagPath": "[default]hopper_weight"
              },
              "transforms": [
                {
                  "formatType": "numeric",
                  "formatValue": "##.##",
                  "type": "format"
                }
              ],
              "type": "tag"
            }
          }
        },
        "props": {
          "textStyle": {
            "textAlignLast": "center"
          }
        },
        "type": "ia.display.label"
      },
      {
        "events": {
          "dom": {
            "onClick": {
              "config": {
                "script": "\tsystem.tag.writeAsync(\n\t\t[\"[default]rv_3\"],\n\t\tnot system.tag.readBlocking([\"[default]rv_3\"])[0].value\n\t\t)"
              },
              "scope": "G",
              "type": "script"
            }
          }
        },
        "meta": {
          "name": "Valve_1"
        },
        "position": {
          "height": 75.95,
          "width": 55.01,
          "x": 779.45,
          "y": 676.98
        },
        "propConfig": {
          "props.state": {
            "binding": {
              "config": {
                "fallbackDelay": 2.5,
                "mode": "direct",
                "tagPath": "[default]rv_3"
              },
              "transforms": [
                {
                  "fallback": "",
                  "inputType": "scalar",
                  "mappings": [
                    {
                      "input": true,
                      "output": "open"
                    },
                    {
                      "input": false,
                      "output": "closed"
                    }
                  ],
                  "outputType": "scalar",
                  "type": "map"
                }
              ],
              "type": "tag"
            }
          }
        },
        "props": {
          "appearance": "simple",
          "label": {
            "text": ""
          },
          "value": {
            "location": "right",
            "text": ""
          },
          "valve": "right"
        },
        "type": "ia.symbol.valve"
      },
      {
        "events": {
          "dom": {
            "onClick": {
              "config": {
                "script": "\tsystem.tag.writeAsync(\n\t\t[\"[default]dv\"],\n\t\tnot system.tag.readBlocking([\"[default]dv\"])[0].value\n\t\t)"
              },
              "scope": "G",
              "type": "script"
            }
          }
        },
        "meta": {
          "name": "Button_0"
        },
        "position": {
          "height": 34,
          "width": 103,
          "x": 518.695,
          "y": 366.453
        },
        "propConfig": {
          "props.style.backgroundColor": {
            "binding": {
              "config": {
                "fallbackDelay": 2.5,
                "mode": "direct",
                "tagPath": "[default]dv"
              },
              "transforms": [
                {
                  "fallback": null,
                  "inputType": "scalar",
                  "mappings": [
                    {
                      "input": true,
                      "output": "#FEF5D7"
                    },
                    {
                      "input": false,
                      "output": "#F4F4DE"
                    }
                  ],
                  "outputType": "scalar",
                  "type": "map"
                }
              ],
              "type": "tag"
            }
          },
          "props.text": {
            "binding": {
              "config": {
                "fallbackDelay": 2.5,
                "mode": "direct",
                "tagPath": "[default]dv"
              },
              "transforms": [
                {
                  "fallback": "Sugar",
                  "inputType": "scalar",
                  "mappings": [
                    {
                      "input": true,
                      "output": "Flour"
                    },
                    {
                      "input": false,
                      "output": "Sugar"
                    }
                  ],
                  "outputType": "scalar",
                  "type": "map"
                }
              ],
              "type": "tag"
            }
          }
        },
        "props": {
          "style": {
            "borderStyle": "solid",
            "borderWidth": 0.5,
            "color": "#3C3C3C",
            "outlineColor": "#FFFFFF",
            "outlineStyle": "solid",
            "outlineWidth": "0.5"
          }
        },
        "type": "ia.input.button"
      },
      {
        "meta": {
          "name": "ToggleSwitch"
        },
        "position": {
          "height": 36,
          "rotate": {
            "anchor": "50% 11%",
            "angle": "270deg"
          },
          "width": 96,
          "x": 800,
          "y": 788.91
        },
        "propConfig": {
          "props.selected": {
            "binding": {
              "config": {
                "bidirectional": true,
                "fallbackDelay": 2.5,
                "mode": "direct",
                "tagPath": "[default]mixer"
              },
              "type": "tag"
            }
          }
        },
        "props": {
          "color": {
            "selected": "#33FA36",
            "unselected": "#B8B8B8"
          }
        },
        "type": "ia.input.toggle-switch"
      },
      {
        "meta": {
          "name": "light"
        },
        "position": {
          "height": 86,
          "width": 38,
          "x": 351.675,
          "y": 349.533
        },
        "propConfig": {
          "props.elements[1].elements[1].fill.paint": {
            "binding": {
              "config": {
                "fallbackDelay": 2.5,
                "mode": "direct",
                "tagPath": "[default]rv_2"
              },
              "transforms": [
                {
                  "fallback": "#2b0000",
                  "inputType": "scalar",
                  "mappings": [
                    {
                      "input": false,
                      "output": "#2b0000"
                    },
                    {
                      "input": true,
                      "output": "#33FA36"
                    }
                  ],
                  "outputType": "scalar",
                  "type": "map"
                }
              ],
              "type": "tag"
            }
          }
        },
        "props": {
          "elements": [
            {
              "id": "defs1",
              "name": "defs1",
              "type": "defs"
            },
            {
              "elements": [
                {
                  "cx": "100.85706",
                  "cy": "128.13647",
                  "fill": {
                    "paint": "#323232"
                  },
                  "id": "path1",
                  "name": "path1",
                  "r": "71.272308",
                  "stroke": {
                    "dasharray": "none",
                    "paint": "#bdbdbd",
                    "width": 6
                  },
                  "type": "circle"
                },
                {
                  "cx": 101.24128,
                  "cy": "127.75226",
                  "fill": {},
                  "id": "circle1",
                  "name": "circle1",
                  "r": "45.128132",
                  "stroke": {
                    "dasharray": "none",
                    "opacity": "1",
                    "paint": "#454545",
                    "width": 6
                  },
                  "type": "circle"
                }
              ],
              "id": "layer1",
              "name": "layer1",
              "transform": "translate(-27.334755,-54.614166)",
              "type": "group"
            }
          ],
          "viewBox": "0 0 147.04462 147.04462"
        },
        "type": "ia.shapes.svg"
      },
      {
        "meta": {
          "name": "light_0"
        },
        "position": {
          "height": 86,
          "width": 38,
          "x": 150.6435467529297,
          "y": 351.44667175292966
        },
        "propConfig": {
          "props.elements[1].elements[1].fill.paint": {
            "binding": {
              "config": {
                "fallbackDelay": 2.5,
                "mode": "direct",
                "tagPath": "[default]rv_1"
              },
              "transforms": [
                {
                  "fallback": "#2b0000",
                  "inputType": "scalar",
                  "mappings": [
                    {
                      "input": false,
                      "output": "#2b0000"
                    },
                    {
                      "input": true,
                      "output": "#33FA36"
                    }
                  ],
                  "outputType": "scalar",
                  "type": "map"
                }
              ],
              "type": "tag"
            }
          }
        },
        "props": {
          "elements": [
            {
              "id": "defs1",
              "name": "defs1",
              "type": "defs"
            },
            {
              "elements": [
                {
                  "cx": "100.85706",
                  "cy": "128.13647",
                  "fill": {
                    "paint": "#323232"
                  },
                  "id": "path1",
                  "name": "path1",
                  "r": "71.272308",
                  "stroke": {
                    "dasharray": "none",
                    "paint": "#bdbdbd",
                    "width": 6
                  },
                  "type": "circle"
                },
                {
                  "cx": 101.24128,
                  "cy": "127.75226",
                  "fill": {},
                  "id": "circle1",
                  "name": "circle1",
                  "r": "45.128132",
                  "stroke": {
                    "dasharray": "none",
                    "opacity": "1",
                    "paint": "#454545",
                    "width": 6
                  },
                  "type": "circle"
                }
              ],
              "id": "layer1",
              "name": "layer1",
              "transform": "translate(-27.334755,-54.614166)",
              "type": "group"
            }
          ],
          "viewBox": "0 0 147.04462 147.04462"
        },
        "type": "ia.shapes.svg"
      },
      {
        "meta": {
          "name": "light_1"
        },
        "position": {
          "height": 86,
          "width": 38,
          "x": 723.6800000000001,
          "y": 670.53
        },
        "propConfig": {
          "props.elements[1].elements[1].fill.paint": {
            "binding": {
              "config": {
                "fallbackDelay": 2.5,
                "mode": "direct",
                "tagPath": "[default]rv_3"
              },
              "transforms": [
                {
                  "fallback": "#2b0000",
                  "inputType": "scalar",
                  "mappings": [
                    {
                      "input": false,
                      "output": "#2b0000"
                    },
                    {
                      "input": true,
                      "output": "#33FA36"
                    }
                  ],
                  "outputType": "scalar",
                  "type": "map"
                }
              ],
              "type": "tag"
            }
          }
        },
        "props": {
          "elements": [
            {
              "id": "defs1",
              "name": "defs1",
              "type": "defs"
            },
            {
              "elements": [
                {
                  "cx": "100.85706",
                  "cy": "128.13647",
                  "fill": {
                    "paint": "#323232"
                  },
                  "id": "path1",
                  "name": "path1",
                  "r": "71.272308",
                  "stroke": {
                    "dasharray": "none",
                    "paint": "#bdbdbd",
                    "width": 6
                  },
                  "type": "circle"
                },
                {
                  "cx": 101.24128,
                  "cy": "127.75226",
                  "fill": {},
                  "id": "circle1",
                  "name": "circle1",
                  "r": "45.128132",
                  "stroke": {
                    "dasharray": "none",
                    "opacity": "1",
                    "paint": "#454545",
                    "width": 6
                  },
                  "type": "circle"
                }
              ],
              "id": "layer1",
              "name": "layer1",
              "transform": "translate(-27.334755,-54.614166)",
              "type": "group"
            }
          ],
          "viewBox": "0 0 147.04462 147.04462"
        },
        "type": "ia.shapes.svg"
      },
      {
        "meta": {
          "name": "light_2"
        },
        "position": {
          "height": 86,
          "width": 38,
          "x": 963.68,
          "y": 390.2895935058594
        },
        "propConfig": {
          "props.elements[1].elements[1].fill.paint": {
            "binding": {
              "config": {
                "fallbackDelay": 2.5,
                "mode": "direct",
                "tagPath": "[default]vacuum"
              },
              "transforms": [
                {
                  "fallback": "#2b0000",
                  "inputType": "scalar",
                  "mappings": [
                    {
                      "input": false,
                      "output": "#2b0000"
                    },
                    {
                      "input": true,
                      "output": "#33FA36"
                    }
                  ],
                  "outputType": "scalar",
                  "type": "map"
                }
              ],
              "type": "tag"
            }
          }
        },
        "props": {
          "elements": [
            {
              "id": "defs1",
              "name": "defs1",
              "type": "defs"
            },
            {
              "elements": [
                {
                  "cx": "100.85706",
                  "cy": "128.13647",
                  "fill": {
                    "paint": "#323232"
                  },
                  "id": "path1",
                  "name": "path1",
                  "r": "71.272308",
                  "stroke": {
                    "dasharray": "none",
                    "paint": "#bdbdbd",
                    "width": 6
                  },
                  "type": "circle"
                },
                {
                  "cx": 101.24128,
                  "cy": "127.75226",
                  "fill": {},
                  "id": "circle1",
                  "name": "circle1",
                  "r": "45.128132",
                  "stroke": {
                    "dasharray": "none",
                    "opacity": "1",
                    "paint": "#454545",
                    "width": 6
                  },
                  "type": "circle"
                }
              ],
              "id": "layer1",
              "name": "layer1",
              "transform": "translate(-27.334755,-54.614166)",
              "type": "group"
            }
          ],
          "viewBox": "0 0 147.04462 147.04462"
        },
        "type": "ia.shapes.svg"
      },
      {
        "meta": {
          "name": "Label_9"
        },
        "position": {
          "height": 31.99,
          "width": 58,
          "x": 763.59,
          "y": 830.94
        },
        "propConfig": {
          "props.text": {
            "binding": {
              "config": {
                "fallbackDelay": 2.5,
                "mode": "direct",
                "tagPath": "[default]mixer_weight"
              },
              "transforms": [
                {
                  "formatType": "numeric",
                  "formatValue": "##.##",
                  "type": "format"
                }
              ],
              "type": "tag"
            }
          }
        },
        "props": {
          "textStyle": {
            "textAlignLast": "center"
          }
        },
        "type": "ia.display.label"
      },
      {
        "events": {
          "dom": {
            "onClick": {
              "config": {
                "script": "\tsystem.tag.writeAsync(\n\t\t[\"[default]trough_transfer\"],\n\t\tnot system.tag.readBlocking([\"[default]trough_transfer\"])[0].value\n\t\t)"
              },
              "scope": "G",
              "type": "script"
            }
          }
        },
        "meta": {
          "name": "Button_1"
        },
        "position": {
          "height": 34,
          "width": 135,
          "x": 922.44,
          "y": 795.19
        },
        "props": {
          "image": {
            "style": {
              "backgroundColor": "#D4D4D4"
            }
          },
          "style": {
            "backgroundColor": "#9C9C9C",
            "borderStyle": "solid",
            "borderWidth": 0.5,
            "color": "#F7F0F0",
            "outlineColor": "#FFFFFF",
            "outlineStyle": "solid",
            "outlineWidth": "0.5"
          },
          "text": "Trough Transfer"
        },
        "type": "ia.input.button"
      }
    ],
    "meta": {
      "name": "root"
    },
    "type": "ia.container.coord"
  }
}