{
  "custom": {},
  "params": {},
  "props": {},
  "root": {
    "children": [
      {
        "meta": {
          "name": "EmbeddedView"
        },
        "position": {
          "basis": "637px",
          "grow": 1,
          "shrink": 0
        },
        "propConfig": {
          "props.path": {
            "binding": {
              "config": {
                "path": "session.custom.selectedView"
              },
              "type": "property"
            }
          }
        },
        "type": "ia.display.view"
      }
    ],
    "meta": {
      "name": "root"
    },
    "props": {
      "alignContent": "center",
      "alignItems": "center",
      "direction": "column",
      "justify": "center",
      "style": {
        "overflow": "hidden"
      }
    },
    "type": "ia.container.flex"
  }
}